,fl_date,origin,weather_delay,weather
17,2018-01-01,ORD,87.0,Clear
118,2018-01-01,ORD,1.0,Clear
121,2018-01-01,XNA,9.0,Clear
122,2018-01-01,LEX,8.0,Overcast
134,2018-01-01,ORD,26.0,Clear
161,2018-01-02,DFW,16.0,Clear
410,2018-01-03,DTW,26.0,Clear
522,2018-01-03,ORD,17.0,Partly cloudy
572,2018-01-04,HNL,230.0,Clear
582,2018-01-04,ATL,135.0,Clear
596,2018-01-04,AUS,5.0,Clear
629,2018-01-04,CAK,203.0,Light snow
775,2018-01-05,SAV,76.0,Clear
828,2018-01-05,BOS,38.0,Heavy snow
834,2018-01-05,PIT,75.0,Overcast
846,2018-01-05,JFK,59.0,Partly cloudy
856,2018-01-05,JFK,304.0,Partly cloudy
857,2018-01-05,JFK,33.0,Partly cloudy
860,2018-01-05,JFK,25.0,Partly cloudy
923,2018-01-06,JFK,6.0,Patchy moderate snow
987,2018-01-06,LGA,59.0,Clear
994,2018-01-06,JFK,7.0,Patchy moderate snow
1061,2018-01-06,JFK,125.0,Patchy moderate snow
1093,2018-01-07,SYR,16.0,Patchy moderate snow
1139,2018-01-07,ORD,11.0,Cloudy
1178,2018-01-07,ORD,855.0,Cloudy
1214,2018-01-07,DCA,127.0,Clear
1259,2018-01-07,ORD,8.0,Cloudy
1279,2018-01-07,XNA,10.0,Clear
1286,2018-01-07,RAP,17.0,Light rain
1296,2018-01-07,LFT,1.0,Partly cloudy
1370,2018-01-07,ORD,15.0,Cloudy
1371,2018-01-07,ORD,14.0,Cloudy
1406,2018-01-08,ATL,16.0,Cloudy
1412,2018-01-08,ATL,4.0,Cloudy
1424,2018-01-08,ATL,16.0,Cloudy
1426,2018-01-08,COS,70.0,Clear
1435,2018-01-08,ATL,123.0,Cloudy
1441,2018-01-08,ATL,14.0,Cloudy
1446,2018-01-08,ATL,4.0,Cloudy
1450,2018-01-08,ATL,5.0,Cloudy
1458,2018-01-08,GEG,6.0,Patchy sleet possible
1582,2018-01-08,PHL,75.0,Clear
1674,2018-01-09,RDU,377.0,Mist
1723,2018-01-09,DAY,83.0,Mist
1893,2018-01-10,JAN,278.0,Fog
1975,2018-01-10,CLT,58.0,Fog
2399,2018-01-12,IND,17.0,Moderate rain
2482,2018-01-13,PIT,22.0,Overcast
2500,2018-01-13,BNA,49.0,Heavy snow
2550,2018-01-13,BTV,295.0,Ice pellets
2625,2018-01-14,ORD,11.0,Clear
2779,2018-01-15,DEN,30.0,Partly cloudy
2780,2018-01-15,FSD,31.0,Overcast
2861,2018-01-15,CMH,44.0,Overcast
2912,2018-01-15,BOS,9.0,Partly cloudy
2961,2018-01-15,ORD,9.0,Heavy snow
3123,2018-01-16,MKE,171.0,Heavy snow
3185,2018-01-17,DFW,159.0,Clear
3192,2018-01-17,ATL,163.0,Heavy snow
3194,2018-01-17,DFW,199.0,Clear
3197,2018-01-17,ATL,59.0,Heavy snow
3198,2018-01-17,MSY,183.0,Blizzard
3199,2018-01-17,ATL,156.0,Heavy snow
3200,2018-01-17,ATL,66.0,Heavy snow
3204,2018-01-17,ATL,105.0,Heavy snow
3208,2018-01-17,ATL,148.0,Heavy snow
3215,2018-01-17,ATL,107.0,Heavy snow
3216,2018-01-17,ATL,221.0,Heavy snow
3227,2018-01-17,ATL,58.0,Heavy snow
3229,2018-01-17,ATL,25.0,Heavy snow
3230,2018-01-17,ATL,53.0,Heavy snow
3231,2018-01-17,ATL,36.0,Heavy snow
3233,2018-01-17,ATL,111.0,Heavy snow
3246,2018-01-17,ATL,314.0,Heavy snow
3247,2018-01-17,ATL,341.0,Heavy snow
3255,2018-01-17,ATL,42.0,Heavy snow
3256,2018-01-17,ATL,178.0,Heavy snow
3257,2018-01-17,ATL,37.0,Heavy snow
3263,2018-01-17,PNS,151.0,Heavy freezing drizzle
3573,2018-01-19,AMA,15.0,Clear
3664,2018-01-20,AEX,63.0,Partly cloudy
3914,2018-01-21,DFW,32.0,Cloudy
3918,2018-01-21,ONT,13.0,Clear
3931,2018-01-21,DEN,19.0,Partly cloudy
3974,2018-01-21,MSN,6.0,Mist
3977,2018-01-21,DFW,48.0,Cloudy
3980,2018-01-21,DFW,67.0,Cloudy
3982,2018-01-21,SGF,94.0,Cloudy
3983,2018-01-21,DFW,4.0,Cloudy
3984,2018-01-21,DFW,81.0,Cloudy
3993,2018-01-21,MAF,70.0,Clear
3994,2018-01-21,DFW,4.0,Cloudy
4110,2018-01-21,DFW,9.0,Cloudy
4433,2018-01-24,ORD,13.0,Partly cloudy
4703,2018-01-24,SFO,13.0,Clear
4731,2018-01-25,BLV,353.0,Clear
5172,2018-01-26,IAH,36.0,Clear
5576,2018-01-28,ORD,34.0,Clear
5595,2018-01-28,ORD,31.0,Clear
5669,2018-01-29,ORD,3.0,Heavy snow
5678,2018-01-29,ORD,16.0,Heavy snow
5819,2018-01-29,DTW,1.0,Cloudy
5922,2018-01-30,ALB,6.0,Light snow
6226,2018-08-01,JAX,14.0,Clear
6268,2018-08-01,CLT,66.0,Light rain shower
6295,2018-08-01,CLT,17.0,Light rain shower
6311,2018-08-01,CLT,13.0,Light rain shower
6371,2018-08-02,EWR,3.0,Partly cloudy
6466,2018-08-02,CLT,30.0,Patchy rain possible
6473,2018-08-02,BWI,133.0,Moderate or heavy rain shower
6486,2018-08-02,BWI,22.0,Moderate or heavy rain shower
6501,2018-08-02,BWI,156.0,Moderate or heavy rain shower
6507,2018-08-02,BWI,48.0,Moderate or heavy rain shower
6513,2018-08-02,BWI,32.0,Moderate or heavy rain shower
6518,2018-08-02,BWI,41.0,Moderate or heavy rain shower
6523,2018-08-02,BWI,97.0,Moderate or heavy rain shower
6807,2018-08-04,EWR,45.0,Patchy rain possible
6983,2018-08-05,TPA,11.0,Clear
7222,2018-08-05,CAE,13.0,Patchy rain possible
7263,2018-08-06,LYH,44.0,Clear
7274,2018-08-06,CLT,14.0,Clear
7323,2018-08-06,ORD,4.0,Thundery outbreaks possible
7337,2018-08-06,IAD,52.0,Clear
7365,2018-08-06,ORD,2.0,Thundery outbreaks possible
7367,2018-08-06,ORD,22.0,Thundery outbreaks possible
7368,2018-08-06,ORD,63.0,Thundery outbreaks possible
7434,2018-08-06,DTW,24.0,Clear
7445,2018-08-06,IAH,30.0,Patchy rain possible
7502,2018-08-07,LAS,15.0,Clear
7540,2018-08-07,TPA,47.0,Moderate or heavy rain shower
7544,2018-08-07,TPA,32.0,Moderate or heavy rain shower
7548,2018-08-07,TPA,34.0,Moderate or heavy rain shower
7757,2018-08-09,ORD,15.0,Clear
7758,2018-08-09,ORD,157.0,Clear
7770,2018-08-09,ORD,24.0,Clear
7772,2018-08-09,ORD,98.0,Clear
7777,2018-08-09,ORD,1.0,Clear
7788,2018-08-09,ORD,139.0,Clear
7791,2018-08-09,ORD,7.0,Clear
7821,2018-08-09,IAH,49.0,Clear
7829,2018-08-09,IAH,75.0,Clear
7877,2018-08-09,MIA,85.0,Patchy rain possible
7890,2018-08-09,CHA,140.0,Moderate or heavy rain shower
7893,2018-08-09,ATL,12.0,Patchy rain possible
7933,2018-08-09,DFW,13.0,Clear
7935,2018-08-09,BOS,46.0,Moderate or heavy rain shower
7936,2018-08-09,MIA,58.0,Patchy rain possible
7938,2018-08-09,ORD,66.0,Clear
7943,2018-08-09,DFW,53.0,Clear
7982,2018-08-09,ATL,11.0,Patchy rain possible
7993,2018-08-09,ATL,20.0,Patchy rain possible
8073,2018-08-09,IAH,37.0,Clear
8091,2018-08-09,IAH,98.0,Clear
8111,2018-08-09,ATL,6.0,Patchy rain possible
8163,2018-08-10,HOU,9.0,Clear
8325,2018-08-10,MCO,36.0,Patchy rain possible
8326,2018-08-10,MCO,28.0,Patchy rain possible
8377,2018-08-10,PIT,4.0,Clear
8396,2018-08-10,PHX,24.0,Clear
8432,2018-08-11,DTW,37.0,Clear
8494,2018-08-11,LAS,82.0,Clear
8510,2018-08-11,MIA,14.0,Clear
8598,2018-08-11,CLT,20.0,Patchy rain possible
8637,2018-08-11,PHL,19.0,Moderate or heavy rain shower
8639,2018-08-11,MCO,31.0,Clear
8649,2018-08-11,MIA,54.0,Clear
8663,2018-08-11,BOS,679.0,Light rain shower
8686,2018-08-12,EWR,20.0,Partly cloudy
8715,2018-08-12,RIC,12.0,Clear
8728,2018-08-12,IAD,9.0,Clear
8861,2018-08-12,TPA,60.0,Clear
8867,2018-08-12,TPA,7.0,Clear
8877,2018-08-12,PIT,20.0,Clear
8958,2018-08-12,MIA,13.0,Clear
8979,2018-08-12,TPA,34.0,Clear
8982,2018-08-12,MCO,21.0,Clear
9070,2018-08-13,ECP,50.0,Patchy rain possible
9116,2018-08-13,DCA,40.0,Torrential rain shower
9118,2018-08-13,DCA,6.0,Torrential rain shower
9120,2018-08-13,DCA,51.0,Torrential rain shower
9134,2018-08-13,DCA,5.0,Torrential rain shower
9166,2018-08-13,IAD,24.0,Torrential rain shower
9257,2018-08-13,MIA,58.0,Partly cloudy
9269,2018-08-13,DFW,27.0,Patchy rain possible
9283,2018-08-14,OKC,40.0,Clear
9285,2018-08-14,DFW,129.0,Moderate or heavy rain shower
9360,2018-08-14,OKC,152.0,Clear
9538,2018-08-14,LGA,136.0,Clear
9610,2018-08-15,ORD,50.0,Partly cloudy
9709,2018-08-16,BNA,61.0,Patchy rain possible
9734,2018-08-16,CLT,163.0,Clear
10091,2018-08-17,ORD,6.0,Torrential rain shower
10151,2018-08-17,SEA,33.0,Clear
10155,2018-08-17,BOS,8.0,Clear
10180,2018-08-17,IAD,45.0,Patchy rain possible
10376,2018-08-18,DFW,101.0,Clear
10400,2018-08-18,ATL,24.0,Light rain shower
10714,2018-08-20,SAT,6.0,Clear
10734,2018-08-20,ORD,80.0,Patchy rain possible
10817,2018-08-20,HOU,52.0,Partly cloudy
10870,2018-08-20,ORF,130.0,Torrential rain shower
10877,2018-08-20,ORD,91.0,Patchy rain possible
10980,2018-08-20,ORF,110.0,Torrential rain shower
11036,2018-08-20,SLC,19.0,Clear
11042,2018-08-20,MSP,82.0,Moderate or heavy rain shower
11093,2018-08-21,IAH,54.0,Patchy light rain with thunder
11193,2018-08-21,LWS,28.0,Clear
11235,2018-08-21,MCO,71.0,Moderate or heavy rain shower
11286,2018-08-21,IAH,79.0,Patchy light rain with thunder
11340,2018-08-21,DCA,19.0,Light rain shower
11369,2018-08-21,SFO,97.0,Partly cloudy
11376,2018-08-21,SFO,41.0,Partly cloudy
11395,2018-08-21,SFO,79.0,Partly cloudy
11565,2018-08-22,RSW,9.0,Clear
11931,2018-08-23,MIA,1.0,Clear
12118,2018-08-25,SDF,43.0,Partly cloudy
12239,2018-08-25,FLL,51.0,Moderate or heavy rain shower
12635,2018-08-27,OMA,17.0,Clear
12891,2018-08-28,ORD,5.0,Clear
12894,2018-08-28,MIA,11.0,Moderate or heavy rain shower
12927,2018-08-28,MSN,24.0,Torrential rain shower
12967,2018-08-28,FSD,30.0,Clear
12974,2018-08-28,ORD,241.0,Clear
13052,2018-08-29,ATL,16.0,Moderate or heavy rain shower
13105,2018-08-29,DTW,23.0,Patchy rain possible
13190,2018-08-29,LAS,43.0,Clear
13242,2018-08-30,CRW,18.0,Torrential rain shower
13368,2018-08-31,CLT,22.0,Patchy rain possible
13369,2018-08-31,CLT,4.0,Patchy rain possible
13387,2018-08-31,CLT,30.0,Patchy rain possible
13389,2018-08-31,CLT,41.0,Patchy rain possible
13420,2018-08-31,DSM,81.0,Overcast
13425,2018-08-31,DSM,73.0,Overcast
13526,2018-08-31,MDW,14.0,Clear
13562,2018-08-31,CLT,3.0,Patchy rain possible
14010,2019-10-02,DCA,60.0,Clear
14812,2019-10-06,XNA,242.0,Moderate or heavy rain shower
14892,2019-10-06,LCH,141.0,Clear
15065,2019-10-07,DAB,13.0,Moderate or heavy rain shower
15256,2019-10-08,LGA,83.0,Light rain
15434,2019-10-09,GEG,97.0,Patchy heavy snow
15799,2019-10-10,DEN,8.0,Moderate or heavy snow showers
15844,2019-10-10,DEN,102.0,Moderate or heavy snow showers
15855,2019-10-10,DEN,31.0,Moderate or heavy snow showers
15861,2019-10-10,MSY,31.0,Clear
15893,2019-10-10,DEN,7.0,Moderate or heavy snow showers
15902,2019-10-10,LBB,52.0,Clear
15979,2019-10-10,IAH,200.0,Partly cloudy
16043,2019-10-10,DEN,9.0,Moderate or heavy snow showers
16045,2019-10-10,DEN,27.0,Moderate or heavy snow showers
16047,2019-10-10,DEN,15.0,Moderate or heavy snow showers
16050,2019-10-10,XNA,30.0,Patchy rain possible
16052,2019-10-10,DFW,149.0,Clear
16201,2019-10-10,DEN,123.0,Moderate or heavy snow showers
16209,2019-10-10,DEN,24.0,Moderate or heavy snow showers
16380,2019-10-11,SHV,33.0,Clear
16384,2019-10-11,SHV,117.0,Clear
16391,2019-10-11,DFW,16.0,Torrential rain shower
16459,2019-10-11,IAH,66.0,Cloudy
16472,2019-10-11,PHL,62.0,Clear
16555,2019-10-11,MIA,11.0,Light rain shower
17576,2019-10-16,SLC,55.0,Clear
17718,2019-10-16,CLT,5.0,Overcast
17918,2019-10-17,MGM,34.0,Partly cloudy
18263,2019-10-19,ATL,6.0,Partly cloudy
18575,2019-10-21,OKC,208.0,Clear
18610,2019-10-21,APN,112.0,Clear
18630,2019-10-21,MKG,325.0,Partly cloudy
19220,2019-10-24,DFW,431.0,Clear
19469,2019-10-25,MCO,36.0,Light rain shower
19476,2019-10-25,DFW,17.0,Heavy rain
19523,2019-10-25,DFW,1.0,Heavy rain
19528,2019-10-25,MOB,3.0,Moderate or heavy rain shower
19529,2019-10-25,DFW,3.0,Heavy rain
19534,2019-10-25,DFW,4.0,Heavy rain
19578,2019-10-25,DTW,109.0,Clear
19582,2019-10-25,CMH,6.0,Partly cloudy
19626,2019-10-25,DFW,86.0,Heavy rain
19635,2019-10-25,SEA,12.0,Clear
19883,2019-10-27,ONT,117.0,Clear
20084,2019-10-28,DEN,8.0,Overcast
20194,2019-10-28,ROA,26.0,Mist
20387,2019-10-29,DEN,28.0,Overcast
20480,2019-10-29,DEN,73.0,Overcast
20552,2019-10-30,DFW,19.0,Moderate or heavy rain shower
20583,2019-10-30,GNV,50.0,Mist
20732,2019-10-30,DFW,44.0,Moderate or heavy rain shower
20734,2019-10-30,DFW,49.0,Moderate or heavy rain shower
20745,2019-10-30,DEN,6.0,Moderate snow
20747,2019-10-30,DEN,22.0,Moderate snow
21338,2018-11-03,DFW,646.0,Clear
21508,2018-11-03,BWI,82.0,Heavy rain
21765,2018-11-05,PGV,19.0,Moderate rain
21775,2018-11-05,CLT,35.0,Light drizzle
22368,2018-11-08,MSP,7.0,Clear
22500,2018-11-09,ORD,17.0,Overcast
22700,2018-11-10,ROC,1.0,Light sleet
22893,2018-11-11,DEN,95.0,Partly cloudy
22913,2018-11-12,SGF,9.0,Partly cloudy
22959,2018-11-12,MSN,3.0,Patchy snow possible
22963,2018-11-12,ABI,12.0,Light drizzle
23579,2018-11-14,EWR,9.0,Partly cloudy
23711,2018-11-15,ATL,95.0,Overcast
23733,2018-11-15,LGA,9.0,Overcast
23748,2018-11-15,ATL,22.0,Overcast
23754,2018-11-15,SBN,26.0,Clear
23764,2018-11-15,IAD,10.0,Partly cloudy
23771,2018-11-15,ORD,139.0,Clear
23778,2018-11-15,ORD,174.0,Clear
23802,2018-11-15,ORD,107.0,Clear
23822,2018-11-15,BWI,60.0,Partly cloudy
23823,2018-11-15,BWI,105.0,Partly cloudy
23826,2018-11-15,BWI,19.0,Partly cloudy
23832,2018-11-15,BWI,246.0,Partly cloudy
23837,2018-11-15,BWI,185.0,Partly cloudy
23839,2018-11-15,BWI,215.0,Partly cloudy
23840,2018-11-15,BWI,142.0,Partly cloudy
23848,2018-11-15,BWI,177.0,Partly cloudy
23907,2018-11-15,EWR,21.0,Clear
23987,2018-11-16,BDL,30.0,Heavy snow
24077,2018-11-16,BTV,11.0,Mist
24141,2018-11-16,MSP,12.0,Heavy snow
24295,2018-11-16,EWR,24.0,Moderate rain
24344,2018-11-17,DEN,124.0,Clear
24349,2018-11-17,DEN,135.0,Clear
24389,2018-11-17,OAK,64.0,Clear
24477,2018-11-17,FSD,26.0,Heavy snow
24496,2018-11-17,DEN,5.0,Clear
24505,2018-11-17,DEN,11.0,Clear
25201,2018-11-20,ORD,24.0,Moderate snow
25305,2018-11-20,SEA,7.0,Clear
25320,2018-11-20,SJC,364.0,Clear
26130,2018-11-24,DEN,161.0,Clear
26134,2018-11-24,DEN,102.0,Clear
26139,2018-11-24,DEN,65.0,Clear
26150,2018-11-24,DEN,142.0,Clear
26197,2018-11-25,ATL,14.0,Mist
26198,2018-11-25,SBN,3.0,Partly cloudy
26261,2018-11-25,CLT,22.0,Mist
26323,2018-11-25,ATL,1.0,Mist
26486,2018-11-25,ATL,1.0,Mist
26490,2018-11-25,ATL,388.0,Mist
26495,2018-11-25,ATL,39.0,Mist
26527,2018-11-25,SFB,59.0,Patchy rain possible
26548,2018-11-26,PIA,35.0,Overcast
26574,2018-11-26,SBN,25.0,Overcast
26582,2018-11-26,BNA,28.0,Light drizzle
26718,2018-11-26,GRR,57.0,Blizzard
26749,2018-11-26,LAX,49.0,Clear
26767,2018-11-26,ORD,288.0,Blizzard
26813,2018-11-26,MCI,13.0,Patchy moderate snow
26817,2018-11-26,FAR,209.0,Overcast
27009,2018-11-27,DTW,111.0,Overcast
27314,2018-11-28,ORD,44.0,Clear
27625,2018-11-30,DFW,4.0,Partly cloudy
27813,2019-06-01,DTW,26.0,Clear
27928,2019-06-02,PHL,81.0,Moderate or heavy rain shower
28011,2019-06-02,IAD,82.0,Clear
28036,2019-06-02,EWR,14.0,Torrential rain shower
28182,2019-06-02,DEN,17.0,Clear
28400,2019-06-03,DFW,23.0,Clear
28587,2019-06-04,DFW,29.0,Patchy rain possible
28615,2019-06-04,LNK,70.0,Thundery outbreaks possible
28626,2019-06-04,ORD,70.0,Clear
28750,2019-06-05,IAH,19.0,Moderate rain at times
28765,2019-06-05,IAH,84.0,Moderate rain at times
28860,2019-06-06,HOU,17.0,Partly cloudy
28995,2019-06-07,FLL,24.0,Moderate or heavy rain shower
29020,2019-06-07,BWI,18.0,Patchy rain possible
29099,2019-06-07,FLL,11.0,Moderate or heavy rain shower
29148,2019-06-08,BHM,1.0,Moderate or heavy rain shower
29271,2019-06-08,AGS,11.0,Light rain shower
29273,2019-06-08,CHO,72.0,Light rain shower
29279,2019-06-08,CSG,3.0,Clear
29282,2019-06-08,LEX,190.0,Torrential rain shower
29286,2019-06-08,ATL,30.0,Partly cloudy
29287,2019-06-08,DTW,14.0,Clear
29292,2019-06-08,JFK,17.0,Clear
29385,2019-06-08,DEN,29.0,Clear
29445,2019-06-09,DFW,27.0,Clear
29553,2019-06-09,CHA,174.0,Fog
29568,2019-06-09,ORD,15.0,Partly cloudy
29702,2019-06-09,MCO,18.0,Patchy rain possible
29904,2019-06-11,FLL,38.0,Moderate or heavy rain shower
30099,2019-06-12,TPA,12.0,Torrential rain shower
30346,2019-06-13,CID,25.0,Clear
30358,2019-06-13,DTW,121.0,Patchy rain possible
30366,2019-06-13,LGA,1.0,Partly cloudy
30597,2019-06-14,RIC,41.0,Clear
30753,2019-06-15,ATL,41.0,Clear
30815,2019-06-15,CVG,31.0,Partly cloudy
30849,2019-06-15,STL,74.0,Patchy rain possible
30854,2019-06-15,MSY,83.0,Clear
30855,2019-06-15,DEN,44.0,Clear
30857,2019-06-15,DEN,50.0,Clear
30997,2019-06-16,SGF,22.0,Torrential rain shower
31035,2019-06-16,CMI,163.0,Mist
31036,2019-06-16,DFW,6.0,Moderate or heavy rain shower
31039,2019-06-16,SGF,149.0,Torrential rain shower
31077,2019-06-16,IAH,8.0,Partly cloudy
31375,2019-06-18,PIT,174.0,Moderate or heavy rain shower
31415,2019-06-18,PIA,154.0,Mist
31564,2019-06-19,DFW,36.0,Clear
31650,2019-06-19,CMH,103.0,Moderate or heavy rain shower
31671,2019-06-19,DFW,12.0,Clear
31674,2019-06-19,ELP,12.0,Clear
31898,2019-06-20,LGA,19.0,Light rain shower
31968,2019-06-20,EWR,163.0,Moderate or heavy rain shower
32116,2019-06-20,OKC,36.0,Clear
32122,2019-06-20,PIT,21.0,Moderate or heavy rain shower
32313,2019-06-21,SAV,10.0,Clear
32542,2019-06-22,ATL,26.0,Clear
32735,2019-06-23,ATL,35.0,Clear
32742,2019-06-23,ORD,1.0,Patchy rain possible
32750,2019-06-23,ATL,40.0,Clear
32922,2019-06-23,ORD,15.0,Patchy rain possible
32984,2019-06-23,LRD,35.0,Thundery outbreaks possible
32986,2019-06-23,HTS,36.0,Clear
33029,2019-06-24,CLT,8.0,Patchy rain possible
33061,2019-06-24,ORD,105.0,Moderate or heavy rain shower
33175,2019-06-24,TRI,37.0,Light rain shower
33199,2019-06-24,SDF,7.0,Partly cloudy
33243,2019-06-25,JFK,109.0,Partly cloudy
33450,2019-06-26,ORD,11.0,Moderate or heavy rain shower
33557,2019-06-27,CLT,21.0,Clear
33611,2019-06-27,ALB,106.0,Mist
33625,2019-06-27,MSP,2.0,Clear
33681,2019-06-27,ORD,38.0,Clear
33687,2019-06-27,DCA,41.0,Clear
33718,2019-06-27,IAH,166.0,Clear
33730,2019-06-27,IAH,31.0,Clear
33733,2019-06-27,ORD,6.0,Clear
33739,2019-06-27,IAH,16.0,Clear
33745,2019-06-28,DCA,40.0,Patchy rain possible
33761,2019-06-28,DCA,67.0,Patchy rain possible
33834,2019-06-28,IAH,9.0,Patchy rain possible
33899,2019-06-28,PHL,15.0,Clear
33925,2019-06-29,IAH,22.0,Patchy rain possible
34134,2019-06-30,DEN,1.0,Clear
34137,2019-06-30,VEL,91.0,Clear
34149,2019-06-30,ORD,61.0,Patchy rain possible
34154,2019-06-30,DLH,215.0,Clear
34208,2019-06-30,ORD,4.0,Patchy rain possible
34316,2018-03-01,ATL,1.0,Moderate or heavy rain shower
34347,2018-03-01,CLT,3.0,Mist
34469,2018-03-02,RNO,17.0,Patchy heavy snow
34502,2018-03-02,SJC,39.0,Light rain
34575,2018-03-02,IAD,18.0,Patchy rain possible
34579,2018-03-02,IAD,119.0,Patchy rain possible
34952,2018-03-04,SLC,166.0,Patchy heavy snow
34970,2018-03-04,MSP,25.0,Cloudy
34973,2018-03-04,SLC,29.0,Patchy heavy snow
35241,2018-03-05,BOS,26.0,Heavy snow
35295,2018-03-05,DCA,11.0,Clear
36309,2018-03-09,BNA,9.0,Clear
36730,2018-03-11,JAN,50.0,Moderate or heavy rain shower
36752,2018-03-11,CLT,4.0,Overcast
36982,2018-03-12,CLT,4.0,Light rain
37132,2018-03-13,ORD,24.0,Patchy snow possible
37221,2018-03-13,ORD,7.0,Patchy snow possible
37241,2018-03-13,ORD,68.0,Patchy snow possible
37724,2018-03-16,ORD,33.0,Clear
38035,2018-03-16,ATL,17.0,Clear
38056,2018-03-16,ICT,17.0,Clear
38764,2018-03-19,CAK,14.0,Clear
38961,2018-03-20,MCO,101.0,Moderate or heavy rain shower
38968,2018-03-20,MCO,40.0,Moderate or heavy rain shower
39040,2018-03-20,PHL,41.0,Clear
39162,2018-03-21,CVG,1.0,Heavy snow
39268,2018-03-21,ATL,725.0,Partly cloudy
39287,2018-03-21,DAY,13.0,Heavy snow
39293,2018-03-21,DCA,180.0,Heavy snow
39460,2018-03-22,DFW,42.0,Clear
39462,2018-03-22,LAS,4.0,Partly cloudy
39949,2018-03-24,IND,106.0,Cloudy
40215,2018-03-25,BOI,40.0,Cloudy
40226,2018-03-25,BOI,71.0,Cloudy
40242,2018-03-25,BOI,144.0,Cloudy
40483,2018-03-26,STL,29.0,Clear
40488,2018-03-26,STL,9.0,Clear
40492,2018-03-26,STL,31.0,Clear
40638,2018-03-27,DFW,38.0,Cloudy
40689,2018-03-27,DFW,31.0,Cloudy
40692,2018-03-27,LBB,25.0,Partly cloudy
40699,2018-03-27,CRP,119.0,Overcast
40704,2018-03-27,RAP,58.0,Clear
40706,2018-03-27,HOU,7.0,Overcast
40780,2018-03-28,ORD,39.0,Partly cloudy
40822,2018-03-28,ASE,60.0,Patchy snow possible
40929,2018-03-28,DFW,755.0,Moderate or heavy rain shower
40991,2018-03-28,DEN,5.0,Clear
40997,2018-03-28,DEN,5.0,Clear
41122,2018-03-29,ABQ,18.0,Clear
41273,2018-03-30,SDF,8.0,Overcast
41504,2018-03-31,SFO,161.0,Clear
41746,2019-08-01,CLT,23.0,Moderate or heavy rain shower
41758,2019-08-01,MOB,7.0,Partly cloudy
41781,2019-08-01,JFK,25.0,Patchy rain possible
41898,2019-08-01,JAX,152.0,Clear
41914,2019-08-01,GEG,37.0,Clear
41967,2019-08-02,FLL,22.0,Moderate or heavy rain shower
42016,2019-08-02,AUS,56.0,Clear
42057,2019-08-02,LGA,6.0,Partly cloudy
42330,2019-08-03,ALB,10.0,Clear
42350,2019-08-03,FLL,41.0,Clear
42356,2019-08-03,FLL,195.0,Clear
42453,2019-08-04,ORF,17.0,Clear
42505,2019-08-04,BHM,27.0,Clear
42548,2019-08-04,CLT,68.0,Moderate or heavy rain shower
42552,2019-08-04,BNA,10.0,Patchy rain possible
42563,2019-08-04,ILM,161.0,Mist
42564,2019-08-04,ATL,35.0,Moderate or heavy rain shower
42584,2019-08-04,ATL,26.0,Moderate or heavy rain shower
42615,2019-08-04,ORF,10.0,Clear
42927,2019-08-06,MCO,8.0,Clear
42931,2019-08-06,MCO,42.0,Clear
43000,2019-08-06,DEN,60.0,Clear
43041,2019-08-06,RSW,17.0,Moderate or heavy rain shower
43180,2019-08-07,ORF,12.0,Clear
43287,2019-08-07,LAS,45.0,Clear
43294,2019-08-07,LAS,39.0,Clear
43302,2019-08-07,LAS,53.0,Clear
43312,2019-08-07,MIA,115.0,Patchy rain possible
43335,2019-08-07,IND,36.0,Patchy rain possible
43465,2019-08-07,CLT,84.0,Patchy rain possible
43474,2019-08-07,CLT,28.0,Patchy rain possible
43482,2019-08-07,PHF,68.0,Clear
43487,2019-08-07,CLT,16.0,Patchy rain possible
43545,2019-08-08,DEN,7.0,Moderate or heavy rain shower
43556,2019-08-08,EWR,37.0,Clear
43655,2019-08-08,MIA,30.0,Patchy rain possible
43765,2019-08-09,PNS,5.0,Clear
43931,2019-08-10,PBI,27.0,Clear
44059,2019-08-11,OMA,118.0,Clear
44342,2019-08-12,MCO,196.0,Moderate or heavy rain shower
44453,2019-08-12,MCO,27.0,Moderate or heavy rain shower
44457,2019-08-12,MCO,51.0,Moderate or heavy rain shower
44464,2019-08-12,MCO,124.0,Moderate or heavy rain shower
44469,2019-08-12,MCO,40.0,Moderate or heavy rain shower
44641,2019-08-13,FLL,53.0,Patchy rain possible
44669,2019-08-13,GRB,40.0,Patchy rain possible
44682,2019-08-13,RDU,205.0,Clear
44689,2019-08-13,SDF,133.0,Patchy rain possible
44794,2019-08-13,MSP,12.0,Light rain shower
44812,2019-08-13,CHS,1.0,Clear
44841,2019-08-13,SDF,89.0,Patchy rain possible
44865,2019-08-14,EWR,10.0,Patchy rain possible
44931,2019-08-14,MCO,160.0,Clear
44968,2019-08-14,EWR,12.0,Patchy rain possible
44974,2019-08-14,EWR,36.0,Patchy rain possible
45055,2019-08-14,MCO,12.0,Clear
45123,2019-08-15,CMH,6.0,Moderate or heavy rain shower
45153,2019-08-15,IAD,3.0,Patchy rain possible
45188,2019-08-15,XNA,71.0,Clear
45262,2019-08-15,JAX,16.0,Moderate or heavy rain shower
45281,2019-08-15,LAS,25.0,Clear
45378,2019-08-15,SAV,25.0,Moderate or heavy rain shower
45458,2019-08-15,DCA,12.0,Moderate or heavy rain shower
45623,2019-08-16,CVG,15.0,Patchy rain possible
45726,2019-08-16,ASE,7.0,Clear
45969,2019-08-18,DTW,124.0,Moderate or heavy rain shower
46016,2019-08-18,CLT,20.0,Patchy rain possible
46022,2019-08-18,PHL,85.0,Patchy rain possible
46133,2019-08-18,BGR,392.0,Fog
46136,2019-08-18,ORD,412.0,Patchy rain possible
46153,2019-08-18,OMA,21.0,Thundery outbreaks possible
46157,2019-08-18,ORD,6.0,Patchy rain possible
46280,2019-08-19,LGA,104.0,Clear
46307,2019-08-19,HOB,34.0,Patchy rain possible
46368,2019-08-19,LGA,15.0,Clear
46515,2019-08-20,STL,10.0,Patchy rain possible
46523,2019-08-20,DCA,4.0,Patchy rain possible
46549,2019-08-20,ORD,4.0,Patchy rain possible
46559,2019-08-20,ORD,4.0,Patchy rain possible
46562,2019-08-20,ORD,13.0,Patchy rain possible
46600,2019-08-20,ORD,13.0,Patchy rain possible
46688,2019-08-21,COU,69.0,Clear
46697,2019-08-21,ORD,12.0,Clear
46778,2019-08-21,ORF,3.0,Partly cloudy
46813,2019-08-21,DEN,15.0,Patchy rain possible
46823,2019-08-21,EWR,101.0,Clear
46888,2019-08-21,DTW,132.0,Moderate or heavy rain shower
47015,2019-08-22,EWR,139.0,Patchy rain possible
47025,2019-08-22,ORD,12.0,Patchy rain possible
47027,2019-08-22,EWR,9.0,Patchy rain possible
47087,2019-08-22,OKC,14.0,Clear
47216,2019-08-23,PGD,4.0,Patchy rain possible
47219,2019-08-23,VPS,32.0,Clear
47267,2019-08-23,COS,51.0,Patchy rain possible
47737,2019-08-24,DFW,43.0,Moderate or heavy rain shower
47742,2019-08-24,DFW,17.0,Moderate or heavy rain shower
48006,2019-08-26,MCI,183.0,Fog
48016,2019-08-26,ORD,31.0,Light rain shower
48025,2019-08-26,SGF,97.0,Patchy rain possible
48132,2019-08-26,MIA,26.0,Moderate or heavy rain shower
48242,2019-08-26,DEN,47.0,Clear
48244,2019-08-26,STL,25.0,Partly cloudy
48295,2019-08-27,MIA,190.0,Clear
48444,2019-08-27,FLL,12.0,Moderate or heavy rain shower
48448,2019-08-27,FLL,12.0,Moderate or heavy rain shower
48636,2019-08-28,FLL,32.0,Clear
48824,2019-08-30,FSM,157.0,Mist
48898,2019-08-30,DFW,7.0,Clear
48917,2019-08-30,DFW,37.0,Clear
49138,2019-08-31,ATL,74.0,Clear
49354,2019-02-01,BWI,105.0,Partly cloudy
49356,2019-02-01,BWI,114.0,Partly cloudy
49359,2019-02-01,BWI,67.0,Partly cloudy
49362,2019-02-01,BWI,88.0,Partly cloudy
49367,2019-02-01,BWI,99.0,Partly cloudy
49370,2019-02-01,BWI,93.0,Partly cloudy
49371,2019-02-01,BWI,126.0,Partly cloudy
49372,2019-02-01,BWI,93.0,Partly cloudy
49374,2019-02-01,BWI,134.0,Partly cloudy
49378,2019-02-01,BWI,114.0,Partly cloudy
49380,2019-02-01,BWI,18.0,Partly cloudy
49428,2019-02-01,ORD,170.0,Heavy snow
49453,2019-02-01,XNA,31.0,Light freezing rain
49456,2019-02-01,IND,2.0,Heavy snow
49470,2019-02-02,SAN,140.0,Patchy rain possible
49651,2019-02-02,EWR,55.0,Overcast
49790,2019-02-03,SLC,201.0,Cloudy
50057,2019-02-04,CAK,38.0,Clear
50182,2019-02-05,MOT,22.0,Heavy snow
50190,2019-02-05,DEN,716.0,Clear
50395,2019-02-05,ORD,1.0,Partly cloudy
50470,2019-02-06,FSD,33.0,Heavy snow
50663,2019-02-07,FAR,1041.0,Heavy snow
50667,2019-02-07,MSP,20.0,Freezing fog
50688,2019-02-07,ECP,89.0,Overcast
50837,2019-02-08,MSP,40.0,Overcast
50939,2019-02-08,CID,10.0,Blowing snow
51085,2019-02-08,BUF,85.0,Overcast
51383,2019-02-09,SEA,1.0,Heavy snow
51448,2019-02-10,ORD,1.0,Partly cloudy
51524,2019-02-10,SEA,10.0,Partly cloudy
51652,2019-02-11,COS,11.0,Clear
51785,2019-02-12,JFK,3.0,Light snow
51791,2019-02-12,ORD,8.0,Overcast
51813,2019-02-12,SEA,4.0,Moderate or heavy sleet
52106,2019-02-14,SEA,11.0,Mist
52120,2019-02-14,SFO,1.0,Moderate or heavy rain shower
52174,2019-02-15,ORF,25.0,Overcast
52275,2019-02-15,SLC,4.0,Overcast
52407,2019-02-16,EGE,5.0,Clear
52418,2019-02-16,DFW,48.0,Clear
52482,2019-02-16,BQK,58.0,Partly cloudy
52534,2019-02-17,ORD,18.0,Cloudy
52635,2019-02-17,ORD,23.0,Cloudy
52646,2019-02-17,SAN,462.0,Clear
52649,2019-02-17,ORD,5.0,Cloudy
52748,2019-02-17,MSN,15.0,Overcast
52831,2019-02-18,BOS,6.0,Light snow
52875,2019-02-18,BOS,57.0,Light snow
52888,2019-02-18,DEN,9.0,Partly cloudy
52941,2019-02-18,BHM,3.0,Overcast
52942,2019-02-18,DTW,24.0,Heavy snow
52948,2019-02-18,IAH,41.0,Clear
53126,2019-02-20,SRQ,57.0,Clear
53138,2019-02-20,GNV,96.0,Mist
53140,2019-02-20,PIT,720.0,Partly cloudy
53141,2019-02-20,ATL,461.0,Moderate rain
53168,2019-02-20,ABE,41.0,Clear
53248,2019-02-20,EWR,1.0,Overcast
53453,2019-02-21,CLT,15.0,Overcast
53791,2019-02-22,HOU,1.0,Overcast
53931,2019-02-23,ATL,85.0,Light rain shower
54058,2019-02-24,PLN,409.0,Light sleet
54071,2019-02-24,CIU,254.0,Moderate or heavy freezing rain
54242,2019-02-25,ORD,31.0,Clear
54425,2019-02-25,STL,107.0,Clear
54556,2019-02-26,TUL,184.0,Partly cloudy
54557,2019-02-26,HDN,111.0,Clear
54566,2019-02-26,ISN,4.0,Overcast
54594,2019-02-26,IAH,64.0,Light rain shower
54812,2019-02-28,PHL,64.0,Overcast
54815,2019-02-28,BOS,23.0,Heavy snow
54918,2019-02-28,MOB,41.0,Fog
55019,2018-06-01,ATL,6.0,Patchy rain possible
55027,2018-06-01,ATL,8.0,Patchy rain possible
55297,2018-06-02,FLL,39.0,Partly cloudy
55323,2018-06-02,ATL,35.0,Patchy rain possible
55848,2018-06-05,BWI,23.0,Clear
56504,2018-06-07,DFW,42.0,Clear
56533,2018-06-07,MIA,42.0,Moderate or heavy rain shower
56537,2018-06-07,MIA,16.0,Moderate or heavy rain shower
56545,2018-06-07,DFW,98.0,Clear
56630,2018-06-07,OKC,281.0,Clear
56665,2018-06-07,ORD,6.0,Partly cloudy
56712,2018-06-08,MDW,5.0,Clear
56715,2018-06-08,MDW,140.0,Clear
56944,2018-06-09,ORD,6.0,Clear
56948,2018-06-09,ORD,8.0,Clear
56988,2018-06-09,MDW,14.0,Patchy rain possible
56993,2018-06-09,MDW,4.0,Patchy rain possible
57043,2018-06-09,MIA,22.0,Clear
57123,2018-06-10,SFO,54.0,Clear
57133,2018-06-10,ORD,116.0,Overcast
57173,2018-06-10,MCO,23.0,Patchy rain possible
57223,2018-06-10,ORD,30.0,Overcast
57285,2018-06-11,CLT,30.0,Patchy rain possible
57295,2018-06-11,MSY,24.0,Clear
57353,2018-06-11,MCO,15.0,Moderate or heavy rain shower
57356,2018-06-11,FLL,44.0,Thundery outbreaks possible
57435,2018-06-11,ATL,8.0,Patchy rain possible
57444,2018-06-11,ATL,8.0,Patchy rain possible
57453,2018-06-11,ATL,7.0,Patchy rain possible
57461,2018-06-12,LIT,33.0,Clear
57817,2018-06-13,ATL,72.0,Cloudy
58126,2018-06-14,MCO,12.0,Moderate or heavy rain shower
58257,2018-06-15,CWA,44.0,Partly cloudy
58337,2018-06-15,MIA,28.0,Partly cloudy
58415,2018-06-15,MIA,39.0,Partly cloudy
58469,2018-06-15,MIA,22.0,Partly cloudy
58480,2018-06-15,MIA,39.0,Partly cloudy
58776,2018-06-17,MSP,17.0,Torrential rain shower
58837,2018-06-17,DEN,2.0,Partly cloudy
58876,2018-06-17,IAH,28.0,Partly cloudy
58987,2018-06-18,BTV,78.0,Partly cloudy
59055,2018-06-18,BOI,56.0,Partly cloudy
59085,2018-06-18,BNA,12.0,Clear
59150,2018-06-19,MDW,15.0,Partly cloudy
59153,2018-06-19,CLT,27.0,Clear
59223,2018-06-19,JAX,54.0,Patchy rain possible
59319,2018-06-19,DEN,8.0,Moderate or heavy rain shower
59334,2018-06-19,DEN,7.0,Moderate or heavy rain shower
59336,2018-06-19,ORD,45.0,Torrential rain shower
59420,2018-06-20,ORD,6.0,Moderate or heavy rain shower
59440,2018-06-20,IAD,282.0,Clear
59863,2018-06-21,ORD,12.0,Overcast
59944,2018-06-22,MIA,15.0,Clear
59968,2018-06-22,ATL,23.0,Patchy rain possible
59985,2018-06-22,ORD,5.0,Overcast
60028,2018-06-22,PDX,45.0,Partly cloudy
60036,2018-06-22,MIA,81.0,Clear
60329,2018-06-24,DEN,5.0,Clear
60340,2018-06-24,DEN,206.0,Clear
60593,2018-06-25,TPA,55.0,Patchy rain possible
60743,2018-06-26,ORD,15.0,Partly cloudy
60756,2018-06-26,ORD,20.0,Partly cloudy
60780,2018-06-26,CID,58.0,Overcast
60785,2018-06-26,TOL,99.0,Clear
60790,2018-06-26,ORD,8.0,Partly cloudy
60877,2018-06-27,BHM,1.0,Moderate or heavy rain shower
60911,2018-06-27,ATL,3.0,Moderate or heavy rain shower
61064,2018-06-27,MCO,21.0,Partly cloudy
61099,2018-06-28,LGA,72.0,Overcast
61102,2018-06-28,ATL,56.0,Cloudy
61103,2018-06-28,SBN,77.0,Mist
61143,2018-06-28,HOU,2.0,Clear
61144,2018-06-28,BHM,9.0,Patchy light rain with thunder
61150,2018-06-28,MIA,83.0,Patchy rain possible
61167,2018-06-28,MIA,74.0,Patchy rain possible
61196,2018-06-28,AUS,80.0,Clear
61197,2018-06-28,JFK,51.0,Cloudy
61263,2018-06-28,EWR,10.0,Moderate or heavy rain shower
61296,2018-06-28,ATL,15.0,Cloudy
61318,2018-06-28,ATL,49.0,Cloudy
61319,2018-06-28,ATL,4.0,Cloudy
61328,2018-06-29,OKC,243.0,Clear
61512,2018-06-29,MIA,20.0,Patchy rain possible
61684,2018-06-30,SFO,14.0,Clear
61692,2018-06-30,DCA,13.0,Clear
61721,2018-06-30,MCO,73.0,Partly cloudy
62122,2019-11-03,SFO,522.0,Clear
62196,2019-11-03,SEA,27.0,Clear
62828,2019-11-06,SFO,10.0,Overcast
63242,2019-11-07,TYS,8.0,Clear
63281,2019-11-07,IAG,26.0,Light drizzle
63568,2019-11-08,SEA,7.0,Clear
63738,2019-11-08,EUG,720.0,Clear
64299,2019-11-11,DTW,29.0,Overcast
64307,2019-11-11,DTW,151.0,Overcast
64310,2019-11-11,DTW,17.0,Overcast
64344,2019-11-11,ORD,3.0,Overcast
64351,2019-11-11,ORD,28.0,Overcast
64400,2019-11-11,DTW,16.0,Overcast
64443,2019-11-12,ORD,4.0,Patchy snow possible
64616,2019-11-13,TVC,12.0,Clear
64721,2019-11-14,SLC,22.0,Clear
64744,2019-11-14,ATL,27.0,Overcast
65952,2019-11-19,SFO,48.0,Partly cloudy
66406,2019-11-21,ABQ,4.0,Patchy rain possible
66594,2019-11-22,IAH,40.0,Partly cloudy
66948,2019-11-23,ORD,29.0,Clear
67496,2019-11-26,IND,12.0,Clear
67696,2019-11-26,ORD,33.0,Clear
67837,2019-11-27,MBS,171.0,Moderate rain
68186,2019-11-30,FAR,4.0,Heavy snow
68273,2019-11-30,DTW,830.0,Partly cloudy
68275,2019-11-30,MSP,246.0,Heavy snow
68290,2019-11-30,DSM,820.0,Overcast
68556,2018-12-02,ABQ,14.0,Clear
68756,2018-12-03,ORD,6.0,Moderate snow
68794,2018-12-04,ITH,61.0,Heavy snow
68842,2018-12-04,IND,6.0,Partly cloudy
69016,2018-12-04,ORD,6.0,Cloudy
69017,2018-12-04,ORD,35.0,Cloudy
69031,2018-12-05,CVG,8.0,Moderate snow
69568,2018-12-07,IAH,29.0,Light rain
69570,2018-12-07,IAH,14.0,Light rain
69595,2018-12-07,IAH,29.0,Light rain
69731,2018-12-08,ATL,22.0,Light drizzle
69797,2018-12-08,DFW,3.0,Heavy rain
70031,2018-12-09,RDU,35.0,Overcast
70177,2018-12-10,PUW,15.0,Heavy snow
70217,2018-12-10,BHM,5.0,Overcast
70235,2018-12-10,STL,219.0,Cloudy
70486,2018-12-11,RDU,6.0,Partly cloudy
70514,2018-12-11,SDF,31.0,Clear
70606,2018-12-12,SLC,2.0,Clear
71108,2018-12-13,ORD,18.0,Clear
71109,2018-12-13,ORD,8.0,Clear
71110,2018-12-13,ORD,12.0,Clear
71152,2018-12-13,LGA,8.0,Cloudy
71165,2018-12-13,DAL,4.0,Light drizzle
71186,2018-12-13,DAL,45.0,Light drizzle
71188,2018-12-13,DAL,3.0,Light drizzle
71232,2018-12-14,ATL,4.0,Overcast
71249,2018-12-14,ATL,58.0,Overcast
71265,2018-12-14,ATL,12.0,Overcast
71580,2018-12-15,MBS,503.0,Cloudy
71595,2018-12-15,MKE,250.0,Partly cloudy
71717,2018-12-16,DAY,22.0,Overcast
71804,2018-12-16,DEN,98.0,Clear
72006,2018-12-17,MCI,20.0,Clear
72361,2018-12-18,OMA,26.0,Clear
72589,2018-12-20,SEA,6.0,Light drizzle
72702,2018-12-21,MEM,61.0,Light drizzle
72707,2018-12-21,MIA,65.0,Patchy rain possible
72708,2018-12-21,ORD,9.0,Light rain
72728,2018-12-21,LGA,13.0,Light drizzle
72740,2018-12-21,LGA,6.0,Light drizzle
72744,2018-12-21,LGA,7.0,Light drizzle
72749,2018-12-21,LGA,17.0,Light drizzle
73778,2018-12-26,CHO,7.0,Clear
73796,2018-12-26,BTR,13.0,Fog
73932,2018-12-26,DFW,1041.0,Light rain shower
73939,2018-12-26,IAH,69.0,Partly cloudy
73960,2018-12-27,BTR,104.0,Moderate rain
73962,2018-12-27,JAN,13.0,Light drizzle
73988,2018-12-27,ATL,40.0,Partly cloudy
74057,2018-12-27,IAH,11.0,Torrential rain shower
74058,2018-12-27,PHL,23.0,Clear
74126,2018-12-28,CAE,8.0,Overcast
74129,2018-12-28,CLT,19.0,Fog
74130,2018-12-28,TLH,5.0,Partly cloudy
74137,2018-12-28,CLT,7.0,Fog
74142,2018-12-28,CLT,104.0,Fog
74143,2018-12-28,CLT,18.0,Fog
74151,2018-12-28,CLT,10.0,Fog
74152,2018-12-28,CLT,75.0,Fog
74276,2018-12-29,FCA,8.0,Heavy snow
74302,2018-12-29,ORD,5.0,Heavy snow
74317,2018-12-29,ORD,19.0,Heavy snow
74580,2018-12-30,GRK,2.0,Overcast
74587,2018-12-30,ORD,23.0,Patchy heavy snow
74712,2018-12-31,TYS,1.0,Overcast
74773,2018-12-31,DRO,26.0,Clear
74781,2018-12-31,DEN,27.0,Clear
74877,2018-10-01,ORD,146.0,Overcast
74879,2018-10-01,ORD,143.0,Overcast
75292,2018-10-02,EWR,93.0,Light rain shower
75597,2018-10-03,LAS,19.0,Clear
75760,2018-10-04,BOS,11.0,Cloudy
76160,2018-10-06,DFW,23.0,Clear
76162,2018-10-06,DFW,37.0,Clear
76163,2018-10-06,DFW,16.0,Clear
76244,2018-10-07,DFW,119.0,Moderate or heavy rain shower
76280,2018-10-07,BNA,15.0,Clear
76341,2018-10-07,DFW,18.0,Moderate or heavy rain shower
76368,2018-10-07,DFW,3.0,Moderate or heavy rain shower
76408,2018-10-07,STL,13.0,Light rain shower
76580,2018-10-08,PLN,290.0,Overcast
76593,2018-10-08,SLC,423.0,Cloudy
76614,2018-10-08,DTW,21.0,Overcast
76744,2018-10-09,CLT,49.0,Clear
76792,2018-10-09,DFW,26.0,Moderate rain
77141,2018-10-12,XNA,4.0,Partly cloudy
77144,2018-10-12,PVD,29.0,Light drizzle
77238,2018-10-12,DFW,1.0,Clear
77287,2018-10-12,GRR,8.0,Cloudy
77351,2018-10-13,ABI,295.0,Light rain shower
77567,2018-10-14,DEN,2.0,Blizzard
77623,2018-10-14,DFW,20.0,Partly cloudy
77692,2018-10-14,RAP,8.0,Patchy heavy snow
77697,2018-10-14,DEN,48.0,Blizzard
77701,2018-10-14,DEN,4.0,Blizzard
77742,2018-10-14,ATL,816.0,Clear
78590,2018-10-19,ATL,17.0,Clear
78787,2018-10-19,ATL,46.0,Clear
79577,2018-10-23,BOI,154.0,Patchy rain possible
79808,2018-10-24,IAH,44.0,Cloudy
80003,2018-10-25,JFK,158.0,Clear
80017,2018-10-25,DTW,53.0,Clear
80298,2018-10-26,ATL,11.0,Light rain
80301,2018-10-26,ATL,4.0,Light rain
80320,2018-10-26,SAV,191.0,Light rain
81344,2018-10-30,ORD,45.0,Clear
81612,2019-12-01,MKE,2.0,Light rain
81665,2019-12-01,GRR,136.0,Moderate or heavy sleet
81729,2019-12-01,ORD,7.0,Moderate rain
81734,2019-12-01,ORD,5.0,Moderate rain
81767,2019-12-01,DTW,26.0,Overcast
81768,2019-12-01,PIT,3.0,Overcast
81825,2019-12-01,BOS,15.0,Clear
81827,2019-12-01,ORD,7.0,Moderate rain
81916,2019-12-02,FLL,802.0,Clear
81928,2019-12-02,BOS,7.0,Heavy snow
81935,2019-12-02,EWR,24.0,Moderate rain
81942,2019-12-02,BOS,8.0,Heavy snow
81947,2019-12-02,EWR,5.0,Moderate rain
82002,2019-12-02,BOS,56.0,Heavy snow
82025,2019-12-02,TYS,15.0,Moderate or heavy snow showers
82058,2019-12-02,GRB,24.0,Patchy heavy snow
82197,2019-12-03,PIH,58.0,Heavy snow
82204,2019-12-03,LSE,48.0,Partly cloudy
82467,2019-12-04,LAS,31.0,Partly cloudy
82473,2019-12-04,BUR,61.0,Patchy light rain
82640,2019-12-05,OMA,7.0,Partly cloudy
82875,2019-12-06,ATL,43.0,Partly cloudy
83309,2019-12-09,GSO,242.0,Partly cloudy
83425,2019-12-09,GRB,4.0,Cloudy
83426,2019-12-09,MSP,2.0,Freezing fog
83523,2019-12-09,ORD,73.0,Light drizzle
83913,2019-12-11,ORD,27.0,Clear
84193,2019-12-13,PHL,26.0,Partly cloudy
84212,2019-12-13,ROA,60.0,Clear
84284,2019-12-14,BIL,550.0,Partly cloudy
84309,2019-12-14,MCO,50.0,Light rain shower
84342,2019-12-14,MCO,9.0,Light rain shower
84379,2019-12-14,EGE,111.0,Heavy snow
84617,2019-12-16,IAH,4.0,Light rain shower
84702,2019-12-17,BTV,8.0,Clear
84739,2019-12-17,SDF,68.0,Overcast
84813,2019-12-17,BOS,95.0,Overcast
84858,2019-12-17,MCO,23.0,Clear
84868,2019-12-17,MDW,80.0,Overcast
84981,2019-12-17,CLT,110.0,Overcast
84984,2019-12-17,GRR,31.0,Overcast
85005,2019-12-17,CLT,24.0,Overcast
85008,2019-12-17,MCO,6.0,Clear
85089,2019-12-17,MCO,18.0,Clear
85118,2019-12-18,EWR,21.0,Clear
85130,2019-12-18,ELM,12.0,Patchy moderate snow
85305,2019-12-18,LGA,1.0,Clear
85314,2019-12-18,BOS,179.0,Heavy snow
85468,2019-12-19,EWR,13.0,Patchy snow possible
85492,2019-12-19,EWR,9.0,Patchy snow possible
85684,2019-12-19,FLL,2.0,Light rain
85786,2019-12-19,GEG,6.0,Cloudy
85815,2019-12-19,VPS,64.0,Clear
86321,2019-12-22,TUL,13.0,Clear
86342,2019-12-22,ATL,2.0,Cloudy
86401,2019-12-22,COS,21.0,Clear
86469,2019-12-22,VLD,1.0,Light drizzle
86668,2019-12-23,LGA,40.0,Clear
86785,2019-12-23,ATL,16.0,Overcast
86819,2019-12-23,ATL,17.0,Overcast
86858,2019-12-23,JFK,92.0,Clear
87026,2019-12-24,DEN,29.0,Overcast
87036,2019-12-24,ORD,24.0,Clear
87072,2019-12-24,GEG,240.0,Light snow showers
87771,2019-12-28,DEN,20.0,Partly cloudy
87783,2019-12-28,MSP,13.0,Partly cloudy
87843,2019-12-28,DFW,1.0,Partly cloudy
87844,2019-12-28,JAN,3.0,Light rain shower
87880,2019-12-28,DFW,30.0,Partly cloudy
87888,2019-12-28,DFW,30.0,Partly cloudy
87901,2019-12-28,HSV,197.0,Cloudy
87922,2019-12-28,MSP,80.0,Partly cloudy
87928,2019-12-28,FAR,9.0,Mist
87946,2019-12-28,MSP,14.0,Partly cloudy
87971,2019-12-28,MSP,58.0,Partly cloudy
88021,2019-12-28,PGD,9.0,Patchy rain possible
88135,2019-12-29,DAY,87.0,Partly cloudy
88270,2019-12-30,ORD,7.0,Moderate rain
88318,2019-12-30,ORD,38.0,Moderate rain
88390,2019-12-30,SLC,20.0,Partly cloudy
88410,2019-12-30,BOS,17.0,Light rain
88488,2019-12-31,ORD,3.0,Overcast
88571,2019-12-31,ORD,7.0,Overcast
88663,2019-12-31,DTW,19.0,Overcast
88964,2019-09-02,JFK,30.0,Clear
89024,2019-09-02,JFK,26.0,Clear
89534,2019-09-05,SLC,9.0,Clear
89686,2019-09-05,DEN,40.0,Clear
89910,2019-09-06,DEN,69.0,Clear
90553,2019-09-08,PDX,24.0,Light rain shower
90584,2019-09-08,COU,40.0,Patchy rain possible
90599,2019-09-08,DEN,66.0,Clear
91060,2019-09-10,AUS,11.0,Patchy rain possible
91157,2019-09-10,IAH,144.0,Patchy rain possible
91159,2019-09-10,IAH,60.0,Patchy rain possible
91164,2019-09-10,IAH,17.0,Patchy rain possible
91172,2019-09-10,IAH,46.0,Patchy rain possible
91258,2019-09-10,IAH,20.0,Patchy rain possible
91304,2019-09-10,ATW,1.0,Moderate or heavy rain shower
91424,2019-09-11,ORD,11.0,Patchy rain possible
91825,2019-09-13,BOS,63.0,Clear
91891,2019-09-13,CLT,19.0,Clear
91894,2019-09-13,CLT,71.0,Clear
92020,2019-09-13,ATL,642.0,Clear
92023,2019-09-13,CHO,40.0,Moderate or heavy rain shower
92638,2019-09-17,ATL,30.0,Clear
92759,2019-09-17,ATL,9.0,Clear
92819,2019-09-18,IAH,15.0,Heavy rain
92820,2019-09-18,ORF,28.0,Clear
93226,2019-09-19,CLE,69.0,Clear
93375,2019-09-20,IAH,74.0,Light rain shower
93777,2019-09-22,ORD,30.0,Heavy rain
93898,2019-09-22,ORD,56.0,Heavy rain
93906,2019-09-23,LAS,21.0,Clear
93912,2019-09-23,LAS,16.0,Clear
93932,2019-09-23,PHX,27.0,Clear
94043,2019-09-23,IAH,2.0,Patchy rain possible
94754,2019-09-27,ORD,2.0,Clear
94844,2019-09-27,ORD,54.0,Clear
94971,2019-09-28,ATL,30.0,Clear
94980,2019-09-28,ATL,28.0,Clear
95577,2019-01-01,ORD,11.0,Heavy snow
95640,2019-01-01,ABQ,25.0,Patchy heavy snow
95681,2019-01-01,DTW,7.0,Overcast
95689,2019-01-01,ORD,4.0,Heavy snow
95737,2019-01-01,MAF,111.0,Clear
95781,2019-01-01,ORD,3.0,Heavy snow
95788,2019-01-01,ORD,16.0,Heavy snow
95825,2019-01-02,ORD,33.0,Moderate snow
95879,2019-01-02,BWI,407.0,Clear
95952,2019-01-02,ORD,9.0,Moderate snow
95957,2019-01-02,DFW,10.0,Overcast
95970,2019-01-02,DFW,3.0,Overcast
96085,2019-01-03,ABI,32.0,Overcast
96135,2019-01-03,DFW,2.0,Light drizzle
96151,2019-01-03,DFW,26.0,Light drizzle
96154,2019-01-03,DFW,10.0,Light drizzle
96164,2019-01-03,VPS,11.0,Mist
96173,2019-01-03,DFW,9.0,Light drizzle
96277,2019-01-04,RSW,39.0,Clear
96540,2019-01-05,RNO,14.0,Clear
96775,2019-01-07,ATW,14.0,Heavy snow
96785,2019-01-07,ORD,18.0,Overcast
96818,2019-01-07,LAN,1.0,Moderate snow
96978,2019-01-08,IAD,57.0,Light rain
97056,2019-01-08,CLT,111.0,Overcast
97277,2019-01-09,ATL,33.0,Clear
98174,2019-01-12,STL,148.0,Heavy snow
98208,2019-01-12,ORD,1.0,Partly cloudy
98245,2019-01-12,ORD,84.0,Partly cloudy
98420,2019-01-13,ATL,30.0,Heavy rain
98503,2019-01-14,IAD,32.0,Heavy snow
98812,2019-01-15,ORD,43.0,Light snow
98883,2019-01-15,MSP,77.0,Cloudy
99006,2019-01-16,DRO,60.0,Heavy snow
99268,2019-01-17,DSM,17.0,Moderate snow
99571,2019-01-18,MFR,10.0,Partly cloudy
99696,2019-01-18,DFW,143.0,Clear
99720,2019-01-19,GSO,139.0,Cloudy
99768,2019-01-19,LGA,24.0,Clear
99789,2019-01-19,ORD,20.0,Overcast
99855,2019-01-19,DTW,640.0,Heavy snow
99898,2019-01-20,ORD,8.0,Heavy snow
99984,2019-01-20,OMA,16.0,Clear
100125,2019-01-20,ORD,18.0,Heavy snow
100181,2019-01-21,EWR,10.0,Partly cloudy
100206,2019-01-21,DCA,48.0,Clear
100233,2019-01-21,DCA,18.0,Clear
100248,2019-01-21,LGA,670.0,Partly cloudy
100259,2019-01-21,JFK,15.0,Clear
100274,2019-01-21,ATL,35.0,Clear
100281,2019-01-21,MSP,15.0,Partly cloudy
100308,2019-01-21,BUR,9.0,Clear
100309,2019-01-21,MCI,4.0,Partly cloudy
100380,2019-01-22,BOS,10.0,Clear
100423,2019-01-22,ORD,20.0,Clear
100432,2019-01-22,ORD,15.0,Clear
100497,2019-01-23,DTW,200.0,Light rain
100512,2019-01-23,DTW,82.0,Light rain
100539,2019-01-23,ORD,5.0,Light rain
100550,2019-01-23,ORD,16.0,Light rain
100661,2019-01-24,AVL,18.0,Moderate rain
100684,2019-01-24,MCO,7.0,Overcast
100688,2019-01-24,MCO,50.0,Overcast
100699,2019-01-24,ORD,14.0,Moderate snow
100709,2019-01-24,BOS,11.0,Overcast
100728,2019-01-24,ORD,8.0,Moderate snow
100729,2019-01-24,ORD,102.0,Moderate snow
100740,2019-01-24,ORD,12.0,Moderate snow
100744,2019-01-24,ORD,244.0,Moderate snow
100746,2019-01-24,ORD,9.0,Moderate snow
100753,2019-01-24,ORD,10.0,Moderate snow
100754,2019-01-24,ORD,17.0,Moderate snow
100858,2019-01-24,ORD,94.0,Moderate snow
100868,2019-01-24,MBS,100.0,Partly cloudy
100982,2019-01-25,CLT,15.0,Clear
101162,2019-01-25,ORD,38.0,Light snow
101545,2019-01-28,ORD,2.0,Overcast
101566,2019-01-28,ORD,9.0,Overcast
101578,2019-01-28,ORD,16.0,Overcast
101586,2019-01-28,MKE,32.0,Overcast
101657,2019-01-28,GRR,15.0,Overcast
101677,2019-01-28,PHL,12.0,Overcast
101745,2019-01-28,PHL,8.0,Overcast
101923,2019-01-29,ORD,2.0,Moderate snow
102169,2019-01-30,JFK,15.0,Blizzard
102202,2019-01-30,EWR,3.0,Patchy heavy snow
102205,2019-01-30,EWR,6.0,Patchy heavy snow
102215,2019-01-30,IAH,43.0,Partly cloudy
102306,2019-01-30,LAX,170.0,Partly cloudy
102398,2019-01-31,LGA,6.0,Clear
102437,2019-01-31,PHL,33.0,Partly cloudy
102440,2019-01-31,ROC,15.0,Blowing snow
102447,2019-01-31,PHL,116.0,Partly cloudy
102478,2019-01-31,ORD,16.0,Partly cloudy
102496,2019-01-31,LAX,15.0,Partly cloudy
102550,2019-01-31,DTW,33.0,Partly cloudy
102570,2019-01-31,DTW,132.0,Partly cloudy
102572,2019-01-31,LAX,21.0,Partly cloudy
102575,2019-01-31,ORD,2.0,Partly cloudy
102578,2019-01-31,ORD,22.0,Partly cloudy
102588,2019-01-31,LAX,11.0,Partly cloudy
102604,2019-01-31,BOS,13.0,Patchy snow possible
102611,2019-01-31,ORD,8.0,Partly cloudy
102615,2019-01-31,DTW,18.0,Partly cloudy
102616,2019-01-31,ORD,60.0,Partly cloudy
102619,2019-01-31,DTW,166.0,Partly cloudy
102635,2019-01-31,DTW,105.0,Partly cloudy
102662,2019-01-31,SJC,9.0,Heavy rain
102689,2019-01-31,SBN,24.0,Light snow
102703,2019-01-31,DFW,8.0,Partly cloudy
102717,2018-05-01,LAS,16.0,Clear
102733,2018-05-01,LAS,24.0,Clear
102969,2018-05-01,CLE,279.0,Clear
103042,2018-05-02,DTW,42.0,Clear
103063,2018-05-02,DTW,34.0,Clear
103275,2018-05-03,GRR,7.0,Cloudy
103276,2018-05-03,ORD,17.0,Moderate or heavy rain shower
103286,2018-05-03,DFW,27.0,Partly cloudy
103290,2018-05-03,DFW,9.0,Partly cloudy
103303,2018-05-03,DFW,68.0,Partly cloudy
103372,2018-05-03,ORD,5.0,Moderate or heavy rain shower
103388,2018-05-03,STL,169.0,Thundery outbreaks possible
103790,2018-05-06,DTW,36.0,Patchy rain possible
104226,2018-05-08,ILM,8.0,Clear
104233,2018-05-09,MRY,327.0,Clear
104351,2018-05-09,BOS,7.0,Clear
104501,2018-05-10,CLT,67.0,Partly cloudy
104529,2018-05-10,DCA,5.0,Clear
104949,2018-05-12,CLT,16.0,Moderate or heavy rain shower
105060,2018-05-12,DCA,919.0,Partly cloudy
105155,2018-05-12,LGA,77.0,Cloudy
105157,2018-05-12,PHL,208.0,Partly cloudy
105318,2018-05-13,DCA,12.0,Torrential rain shower
105348,2018-05-13,MDW,85.0,Thundery outbreaks possible
105573,2018-05-14,SAV,91.0,Mist
105578,2018-05-14,CHS,22.0,Clear
105598,2018-05-14,ORD,616.0,Thundery outbreaks possible
105605,2018-05-14,ORD,19.0,Thundery outbreaks possible
105624,2018-05-14,CLE,17.0,Clear
105765,2018-05-14,ORD,6.0,Thundery outbreaks possible
105800,2018-05-14,ORD,24.0,Thundery outbreaks possible
105817,2018-05-14,ORD,18.0,Thundery outbreaks possible
105843,2018-05-14,ORD,69.0,Thundery outbreaks possible
105851,2018-05-14,ORD,193.0,Thundery outbreaks possible
105857,2018-05-14,ORD,31.0,Thundery outbreaks possible
105861,2018-05-14,AZO,27.0,Mist
105917,2018-05-15,BNA,20.0,Clear
105947,2018-05-15,CLT,5.0,Clear
106059,2018-05-15,JFK,1100.0,Cloudy
106061,2018-05-15,ATL,49.0,Light rain shower
106122,2018-05-15,RSW,23.0,Moderate or heavy rain shower
106187,2018-05-16,CHA,23.0,Mist
106346,2018-05-17,FLL,14.0,Torrential rain shower
106351,2018-05-17,FLL,52.0,Torrential rain shower
106415,2018-05-17,ATL,35.0,Light rain shower
107009,2018-05-20,CLL,2.0,Partly cloudy
107025,2018-05-20,DFW,1.0,Thundery outbreaks possible
107059,2018-05-20,IAH,39.0,Cloudy
107067,2018-05-20,LIT,278.0,Clear
107075,2018-05-20,IAH,42.0,Cloudy
107081,2018-05-20,ELP,37.0,Clear
107122,2018-05-20,STL,11.0,Light rain shower
107190,2018-05-20,IDA,419.0,Patchy rain possible
107242,2018-05-20,MAF,65.0,Clear
107258,2018-05-21,HOU,105.0,Patchy rain possible
107283,2018-05-21,HOU,98.0,Patchy rain possible
107398,2018-05-21,IAH,29.0,Torrential rain shower
107458,2018-05-21,ORD,36.0,Partly cloudy
107511,2018-05-22,ATL,15.0,Partly cloudy
107597,2018-05-22,IAD,41.0,Partly cloudy
107620,2018-05-22,IAD,56.0,Partly cloudy
107621,2018-05-22,IAD,46.0,Partly cloudy
107631,2018-05-22,IAD,29.0,Partly cloudy
107915,2018-05-24,MSP,72.0,Patchy rain possible
108266,2018-05-26,PHL,71.0,Clear
108350,2018-05-26,PHL,85.0,Clear
108420,2018-05-26,BWI,17.0,Clear
108438,2018-05-27,IAD,13.0,Moderate or heavy rain shower
108507,2018-05-27,BWI,28.0,Torrential rain shower
108514,2018-05-27,BWI,96.0,Torrential rain shower
108539,2018-05-27,SDF,44.0,Mist
108665,2018-05-29,CLT,41.0,Mist
108666,2018-05-29,MSP,12.0,Clear
108923,2018-05-30,MCO,11.0,Overcast
108953,2018-05-30,ORD,37.0,Light rain shower
109021,2018-05-31,IAD,460.0,Light drizzle
109370,2018-02-02,PHL,2.0,Overcast
109825,2018-02-04,ORD,113.0,Overcast
109839,2018-02-04,ORD,7.0,Overcast
110052,2018-02-05,GRR,17.0,Cloudy
110091,2018-02-05,SAN,136.0,Clear
110234,2018-02-05,ALB,30.0,Patchy heavy snow
110298,2018-02-06,ORD,61.0,Heavy snow
110423,2018-02-06,DAL,102.0,Clear
110428,2018-02-06,DAL,22.0,Clear
110579,2018-02-07,IAH,18.0,Light rain
110623,2018-02-07,IAH,31.0,Light rain
110626,2018-02-07,IAH,12.0,Light rain
110853,2018-02-08,ORD,6.0,Overcast
110889,2018-02-09,ORD,16.0,Freezing fog
110902,2018-02-09,DTW,82.0,Overcast
110914,2018-02-09,ORD,13.0,Freezing fog
110989,2018-02-09,BUF,30.0,Overcast
110991,2018-02-09,PHL,14.0,Partly cloudy
110998,2018-02-09,CHO,17.0,Clear
111100,2018-02-09,STL,136.0,Clear
111185,2018-02-10,ORD,4.0,Light snow
111206,2018-02-10,ORD,15.0,Light snow
111230,2018-02-10,DTW,1.0,Heavy snow
111307,2018-02-10,DEN,15.0,Patchy moderate snow
111388,2018-02-10,XNA,13.0,Light drizzle
111455,2018-02-11,CID,3.0,Mist
111460,2018-02-11,ORD,19.0,Heavy snow
111466,2018-02-11,XNA,15.0,Light freezing rain
111493,2018-02-11,TYS,46.0,Moderate rain
111499,2018-02-11,DCA,18.0,Moderate rain
111930,2018-02-13,ATL,46.0,Light rain shower
112036,2018-02-13,IAH,43.0,Overcast
112047,2018-02-13,IAH,43.0,Overcast
112525,2018-02-16,PHL,208.0,Mist
112644,2018-02-17,IAD,82.0,Clear
112652,2018-02-17,IAD,81.0,Clear
112656,2018-02-17,IAD,93.0,Clear
112663,2018-02-17,ORD,5.0,Cloudy
112790,2018-02-17,ORD,63.0,Cloudy
112791,2018-02-17,EWR,136.0,Clear
112997,2018-02-19,SLC,9.0,Overcast
113010,2018-02-19,SLC,70.0,Overcast
113027,2018-02-19,SLC,6.0,Overcast
113059,2018-02-19,COS,8.0,Clear
113086,2018-02-19,ORD,17.0,Partly cloudy
113125,2018-02-20,GRB,5.0,Overcast
113126,2018-02-20,COS,23.0,Overcast
113165,2018-02-20,SAV,7.0,Fog
113195,2018-02-20,DSM,11.0,Cloudy
113460,2018-02-21,AVP,60.0,Mist
113478,2018-02-21,SWF,12.0,Mist
113533,2018-02-22,LGB,27.0,Clear
113569,2018-02-22,DFW,31.0,Overcast
113571,2018-02-22,DFW,4.0,Overcast
113729,2018-02-23,SLC,18.0,Moderate snow
113818,2018-02-23,SAT,21.0,Moderate or heavy rain with thunder
113839,2018-02-23,SMF,4.0,Clear
113866,2018-02-24,DFW,95.0,Light rain shower
113880,2018-02-24,DFW,31.0,Light rain shower
113881,2018-02-24,DFW,18.0,Light rain shower
113928,2018-02-24,PBG,5.0,Overcast
113988,2018-02-24,DFW,20.0,Light rain shower
113994,2018-02-24,DFW,71.0,Light rain shower
114001,2018-02-24,DFW,20.0,Light rain shower
114006,2018-02-24,DFW,121.0,Light rain shower
114043,2018-02-25,MSP,139.0,Heavy snow
114069,2018-02-25,ASE,17.0,Heavy snow
114182,2018-02-25,DSM,4.0,Partly cloudy
114349,2018-02-26,CLT,155.0,Cloudy
114944,2018-09-01,IAD,111.0,Moderate or heavy rain shower
114946,2018-09-01,IAD,85.0,Moderate or heavy rain shower
114956,2018-09-01,ORD,11.0,Torrential rain shower
114982,2018-09-01,ORD,6.0,Torrential rain shower
114993,2018-09-01,IAD,101.0,Moderate or heavy rain shower
114994,2018-09-01,IAD,103.0,Moderate or heavy rain shower
115024,2018-09-01,CLT,30.0,Clear
115178,2018-09-02,ORD,4.0,Torrential rain shower
115231,2018-09-02,CLT,75.0,Patchy rain possible
115323,2018-09-02,FLL,51.0,Moderate or heavy rain shower
115452,2018-09-03,SBN,143.0,Patchy rain possible
115516,2018-09-03,ORD,103.0,Torrential rain shower
115702,2018-09-03,DTW,90.0,Moderate or heavy rain shower
115740,2018-09-03,SAT,175.0,Partly cloudy
115758,2018-09-03,SDF,64.0,Clear
115804,2018-09-03,ORD,6.0,Torrential rain shower
115807,2018-09-03,AUS,76.0,Patchy rain possible
115832,2018-09-03,ORD,67.0,Torrential rain shower
115840,2018-09-03,ORD,91.0,Torrential rain shower
116152,2018-09-05,DFW,17.0,Moderate or heavy rain shower
116165,2018-09-05,FSM,15.0,Partly cloudy
116551,2018-09-06,MSY,19.0,Patchy rain possible
116636,2018-09-07,MEM,2.0,Moderate or heavy rain shower
116685,2018-09-07,IAH,29.0,Partly cloudy
116701,2018-09-07,FAR,104.0,Light rain shower
116705,2018-09-07,ORD,3.0,Partly cloudy
116709,2018-09-07,DFW,59.0,Patchy rain possible
116724,2018-09-07,IAH,53.0,Partly cloudy
116780,2018-09-07,DAL,108.0,Patchy rain possible
116818,2018-09-07,LBB,93.0,Patchy rain possible
116835,2018-09-07,OKC,3.0,Torrential rain shower
117036,2018-09-09,CLT,65.0,Moderate or heavy rain shower
117307,2018-09-10,PBI,28.0,Moderate or heavy rain shower
117468,2018-09-10,MCO,84.0,Moderate or heavy rain shower
117469,2018-09-10,MCO,10.0,Moderate or heavy rain shower
117474,2018-09-10,MCO,126.0,Moderate or heavy rain shower
118341,2018-09-13,BHM,22.0,Moderate or heavy rain shower
118530,2018-09-14,FSM,22.0,Clear
118602,2018-09-14,MCI,17.0,Mist
119327,2018-09-18,MSP,67.0,Moderate or heavy rain shower
119353,2018-09-19,ORD,17.0,Clear
119435,2018-09-19,DCA,30.0,Clear
119551,2018-09-20,JAC,71.0,Clear
119552,2018-09-20,DFW,23.0,Clear
119557,2018-09-20,TPA,13.0,Moderate or heavy rain shower
119668,2018-09-20,DTW,5.0,Clear
119687,2018-09-20,MSP,3.0,Light rain
119690,2018-09-20,BNA,5.0,Clear
119787,2018-09-21,DFW,47.0,Partly cloudy
119802,2018-09-21,DFW,133.0,Partly cloudy
119807,2018-09-21,AUS,379.0,Light rain shower
119810,2018-09-21,GRR,2.0,Patchy rain possible
120285,2018-09-24,CLT,26.0,Partly cloudy
120458,2018-09-24,TPA,43.0,Moderate or heavy rain shower
120607,2018-09-25,MDW,11.0,Light rain shower
120714,2018-09-25,SDF,9.0,Fog
120789,2018-09-25,BMI,154.0,Moderate or heavy rain shower
120828,2018-09-25,CMI,17.0,Moderate or heavy rain shower
120846,2018-09-26,LGA,9.0,Cloudy
120927,2018-09-26,ATL,12.0,Torrential rain shower
120938,2018-09-26,ATL,2.0,Torrential rain shower
120948,2018-09-26,ATL,19.0,Torrential rain shower
120982,2018-09-26,DEN,52.0,Clear
121044,2018-09-26,ATL,12.0,Torrential rain shower
121048,2018-09-26,ATL,11.0,Torrential rain shower
121067,2018-09-26,AGS,33.0,Clear
121070,2018-09-26,GNV,215.0,Clear
121561,2018-09-30,SLN,7.0,Overcast
121586,2018-04-01,MCI,20.0,Partly cloudy
121818,2018-04-02,EWR,282.0,Overcast
121855,2018-04-02,HNL,44.0,Overcast
121858,2018-04-02,KOA,22.0,Clear
121860,2018-04-02,ITO,26.0,Cloudy
121863,2018-04-02,LIH,13.0,Overcast
121864,2018-04-02,KOA,15.0,Clear
121890,2018-04-02,BDL,9.0,Overcast
121950,2018-04-02,LGA,31.0,Overcast
122099,2018-04-02,MSO,14.0,Overcast
122116,2018-04-02,EWR,1.0,Overcast
122117,2018-04-02,BNA,2.0,Overcast
122137,2018-04-02,LGA,3.0,Overcast
122139,2018-04-02,EWR,49.0,Overcast
122143,2018-04-02,EWR,212.0,Overcast
122149,2018-04-02,EWR,33.0,Overcast
122156,2018-04-02,BOS,6.0,Partly cloudy
122234,2018-04-03,PIT,21.0,Partly cloudy
122502,2018-04-04,SYR,7.0,Overcast
122621,2018-04-04,EWR,19.0,Thundery outbreaks possible
122658,2018-04-04,ATL,10.0,Thundery outbreaks possible
122963,2018-04-06,HOU,181.0,Partly cloudy
123076,2018-04-06,DEN,4.0,Cloudy
123106,2018-04-06,DFW,2.0,Thundery outbreaks possible
123120,2018-04-06,TUL,43.0,Partly cloudy
123259,2018-04-07,TPA,22.0,Clear
123374,2018-04-07,DFW,93.0,Overcast
123726,2018-04-09,DSM,8.0,Overcast
123747,2018-04-09,MDT,6.0,Partly cloudy
124750,2018-04-13,DFW,51.0,Overcast
124978,2018-04-15,OKC,77.0,Clear
124983,2018-04-15,DSM,119.0,Heavy snow
124987,2018-04-15,CLT,101.0,Cloudy
124993,2018-04-15,CLT,86.0,Cloudy
125069,2018-04-15,MSP,37.0,Heavy snow
125076,2018-04-15,MSP,13.0,Heavy snow
125084,2018-04-15,GRR,284.0,Heavy freezing drizzle
125099,2018-04-15,ORD,21.0,Moderate rain
125224,2018-04-15,ATL,12.0,Moderate or heavy rain shower
125229,2018-04-15,MSP,15.0,Heavy snow
125268,2018-04-16,ORD,3.0,Heavy snow
125368,2018-04-16,SLC,1.0,Clear
125615,2018-04-17,DEN,4.0,Clear
125625,2018-04-17,DEN,83.0,Clear
125628,2018-04-17,DEN,118.0,Clear
125630,2018-04-17,DEN,16.0,Clear
125747,2018-04-19,BOS,74.0,Clear
125910,2018-04-20,DEN,20.0,Clear
126591,2018-04-23,CLT,8.0,Partly cloudy
126595,2018-04-23,CLT,12.0,Partly cloudy
126601,2018-04-23,CLT,12.0,Partly cloudy
126602,2018-04-23,ILM,2.0,Overcast
126645,2018-04-23,MIA,23.0,Clear
126661,2018-04-23,MIA,11.0,Clear
127242,2018-04-25,AMA,14.0,Cloudy
127485,2018-04-26,RNO,30.0,Clear
127486,2018-04-26,SLC,23.0,Clear
127973,2018-04-27,ATL,35.0,Light rain shower
128191,2018-04-28,SWF,36.0,Fog
128876,2018-07-01,MCO,69.0,Partly cloudy
129011,2018-07-01,DCA,67.0,Clear
129053,2018-07-01,ORD,10.0,Clear
129075,2018-07-01,BNA,53.0,Moderate or heavy rain shower
129389,2018-07-03,SDF,25.0,Patchy rain possible
129503,2018-07-03,CMH,43.0,Clear
129560,2018-07-04,ABE,45.0,Patchy rain possible
129572,2018-07-04,FNT,7.0,Clear
129614,2018-07-04,AVP,84.0,Patchy rain possible
129781,2018-07-04,TPA,6.0,Patchy rain possible
129787,2018-07-04,TPA,117.0,Patchy rain possible
129799,2018-07-04,TPA,150.0,Patchy rain possible
129801,2018-07-04,TPA,6.0,Patchy rain possible
129804,2018-07-04,TPA,133.0,Patchy rain possible
129806,2018-07-04,TPA,117.0,Patchy rain possible
129828,2018-07-05,PIE,229.0,Clear
129858,2018-07-05,TPA,135.0,Clear
129921,2018-07-05,ORD,65.0,Moderate or heavy rain shower
129990,2018-07-06,BNA,9.0,Patchy rain possible
130004,2018-07-06,EWR,16.0,Patchy rain possible
130100,2018-07-06,CLT,31.0,Clear
130102,2018-07-06,CLT,16.0,Clear
130114,2018-07-06,CLT,129.0,Clear
130116,2018-07-06,CLT,60.0,Clear
130117,2018-07-06,CLT,120.0,Clear
130446,2018-07-07,IAH,29.0,Torrential rain shower
130602,2018-07-08,ATL,38.0,Moderate or heavy rain shower
130629,2018-07-08,DEN,10.0,Clear
130634,2018-07-08,IAH,11.0,Moderate or heavy rain shower
130649,2018-07-09,MIA,76.0,Clear
130684,2018-07-09,MSP,67.0,Clear
130766,2018-07-09,JAN,10.0,Patchy rain possible
130854,2018-07-10,DAL,38.0,Light rain shower
130859,2018-07-10,DAL,34.0,Light rain shower
130870,2018-07-10,DAL,41.0,Light rain shower
130878,2018-07-10,DAL,54.0,Light rain shower
130880,2018-07-10,DAL,56.0,Light rain shower
131036,2018-07-11,MIA,139.0,Clear
131048,2018-07-11,MIA,31.0,Clear
131080,2018-07-11,RIC,2.0,Clear
131208,2018-07-11,FLL,56.0,Clear
131286,2018-07-12,MSP,605.0,Clear
131332,2018-07-12,DFW,156.0,Patchy rain possible
131345,2018-07-12,DFW,97.0,Patchy rain possible
131511,2018-07-13,ATL,27.0,Patchy rain possible
131562,2018-07-14,RSW,46.0,Clear
131584,2018-07-14,ATL,10.0,Partly cloudy
131671,2018-07-14,LCK,17.0,Clear
131821,2018-07-15,SYR,216.0,Partly cloudy
131929,2018-07-15,PHL,15.0,Clear
131942,2018-07-15,SAV,29.0,Partly cloudy
132045,2018-07-15,LGA,1.0,Cloudy
132126,2018-07-16,CVG,67.0,Moderate or heavy rain shower
132132,2018-07-16,ATL,47.0,Torrential rain shower
132147,2018-07-16,ATL,11.0,Torrential rain shower
132303,2018-07-17,LGA,254.0,Clear
132324,2018-07-17,JFK,168.0,Moderate or heavy rain shower
132332,2018-07-17,BOS,14.0,Partly cloudy
132358,2018-07-17,BOS,36.0,Partly cloudy
132421,2018-07-17,PWM,29.0,Fog
132701,2018-07-19,DFW,74.0,Clear
132825,2018-07-20,AUS,26.0,Clear
132847,2018-07-20,MIA,6.0,Clear
132911,2018-07-20,MCO,63.0,Torrential rain shower
132953,2018-07-20,ORD,6.0,Cloudy
133035,2018-07-20,MIA,106.0,Clear
133087,2018-07-20,ORD,16.0,Cloudy
133088,2018-07-20,CHO,27.0,Partly cloudy
133090,2018-07-20,ORD,5.0,Cloudy
133093,2018-07-20,ORD,5.0,Cloudy
133098,2018-07-20,ORD,81.0,Cloudy
133101,2018-07-20,ORD,3.0,Cloudy
133106,2018-07-20,ORD,6.0,Cloudy
133205,2018-07-20,LAS,74.0,Patchy rain possible
133286,2018-07-21,ATL,32.0,Clear
133358,2018-07-21,MCO,37.0,Patchy rain possible
133553,2018-07-22,CHS,15.0,Patchy rain possible
133620,2018-07-22,EWR,79.0,Heavy rain
133631,2018-07-22,EWR,65.0,Heavy rain
133691,2018-07-23,CLT,5.0,Clear
133697,2018-07-23,CLT,8.0,Clear
133700,2018-07-23,SAV,41.0,Clear
133701,2018-07-23,CLT,157.0,Clear
133712,2018-07-23,CLT,12.0,Clear
133713,2018-07-23,CLT,93.0,Clear
133803,2018-07-23,ATL,9.0,Partly cloudy
133846,2018-07-23,MIA,78.0,Clear
133874,2018-07-23,DEN,172.0,Clear
133875,2018-07-23,DEN,73.0,Clear
133876,2018-07-23,LGA,10.0,Clear
133880,2018-07-23,DEN,17.0,Clear
134124,2018-07-24,MIA,11.0,Torrential rain shower
134307,2018-07-25,DFW,22.0,Clear
134342,2018-07-25,SFO,40.0,Clear
134347,2018-07-25,MFR,9.0,Clear
134373,2018-07-25,DEN,35.0,Clear
134387,2018-07-25,MIA,16.0,Moderate or heavy rain shower
134515,2018-07-26,DEN,9.0,Patchy rain possible
134770,2018-07-26,SLC,46.0,Clear
134864,2018-07-27,PHL,148.0,Clear
135090,2018-07-28,MCO,114.0,Light rain shower
135392,2018-07-29,CLT,3.0,Light rain shower
135406,2018-07-29,XNA,70.0,Mist
135625,2018-07-30,DEN,33.0,Moderate or heavy rain shower
135659,2018-07-30,MCO,38.0,Cloudy
135666,2018-07-30,PSP,33.0,Patchy rain possible
135825,2018-07-31,SDF,4.0,Moderate or heavy rain shower
135839,2018-07-31,CLT,6.0,Patchy rain possible
135842,2018-07-31,CLT,3.0,Patchy rain possible
135844,2018-07-31,CLT,12.0,Patchy rain possible
135939,2018-07-31,MCO,21.0,Patchy light drizzle
135941,2018-07-31,MCO,15.0,Patchy light drizzle
135945,2018-07-31,MCO,5.0,Patchy light drizzle
135958,2018-07-31,MCO,42.0,Patchy light drizzle
135962,2018-07-31,MCO,8.0,Patchy light drizzle
135966,2018-07-31,IAH,5.0,Moderate or heavy rain shower
135972,2018-07-31,IAH,88.0,Moderate or heavy rain shower
135986,2018-07-31,IAH,51.0,Moderate or heavy rain shower
136037,2019-05-01,CHO,38.0,Fog
136233,2019-05-02,ORD,5.0,Overcast
136245,2019-05-02,DFW,10.0,Torrential rain shower
136256,2019-05-02,HSV,66.0,Clear
136278,2019-05-02,DCA,226.0,Partly cloudy
136283,2019-05-02,MHT,141.0,Overcast
136302,2019-05-02,EWR,19.0,Light rain shower
136312,2019-05-02,DCA,33.0,Partly cloudy
136377,2019-05-02,ATL,21.0,Patchy rain possible
136420,2019-05-03,IAH,6.0,Moderate or heavy rain shower
136473,2019-05-03,MIA,12.0,Moderate or heavy rain shower
136532,2019-05-04,MCO,36.0,Clear
136673,2019-05-05,DCA,11.0,Torrential rain shower
136750,2019-05-05,MIA,15.0,Clear
136955,2019-05-07,PGD,49.0,Clear
136995,2019-05-07,EWR,8.0,Partly cloudy
137237,2019-05-07,MIA,68.0,Partly cloudy
137277,2019-05-08,AUS,15.0,Torrential rain shower
137338,2019-05-08,IAH,72.0,Heavy rain at times
137595,2019-05-10,SBA,43.0,Light rain shower
137835,2019-05-10,ATL,347.0,Partly cloudy
137843,2019-05-10,LGA,40.0,Overcast
137922,2019-05-11,MCO,28.0,Partly cloudy
137926,2019-05-11,IAD,213.0,Light rain shower
137987,2019-05-11,CLT,33.0,Clear
137989,2019-05-11,CLT,31.0,Clear
137993,2019-05-11,HTS,167.0,Overcast
138006,2019-05-11,CLT,64.0,Clear
138013,2019-05-11,RIC,76.0,Patchy rain possible
138257,2019-05-13,MCO,9.0,Clear
138266,2019-05-13,TPA,58.0,Moderate or heavy rain shower
138284,2019-05-13,PHL,3.0,Overcast
138478,2019-05-13,MCO,182.0,Clear
138491,2019-05-13,MCO,189.0,Clear
138496,2019-05-13,MCO,25.0,Clear
138504,2019-05-13,MCO,75.0,Clear
138541,2019-05-13,MIA,11.0,Moderate or heavy rain shower
138700,2019-05-14,MIA,13.0,Patchy rain possible
139135,2019-05-16,ORD,2.0,Clear
139136,2019-05-16,LAX,25.0,Light drizzle
139653,2019-05-18,DFW,28.0,Light rain shower
139657,2019-05-18,DFW,618.0,Light rain shower
139762,2019-05-18,DEN,199.0,Moderate or heavy rain shower
139775,2019-05-18,DFW,314.0,Light rain shower
139781,2019-05-18,DFW,10.0,Light rain shower
139784,2019-05-18,DFW,13.0,Light rain shower
139790,2019-05-18,DFW,176.0,Light rain shower
139795,2019-05-18,DFW,8.0,Light rain shower
139797,2019-05-18,DFW,7.0,Light rain shower
139807,2019-05-18,OKC,22.0,Thundery outbreaks possible
139811,2019-05-18,OKC,13.0,Thundery outbreaks possible
139822,2019-05-18,OKC,66.0,Thundery outbreaks possible
139840,2019-05-19,SGF,165.0,Torrential rain shower
139842,2019-05-19,ORD,2.0,Partly cloudy
139852,2019-05-19,FAR,21.0,Overcast
139853,2019-05-19,ORD,12.0,Partly cloudy
139928,2019-05-19,MDT,113.0,Mist
139931,2019-05-19,ORD,13.0,Partly cloudy
140041,2019-05-19,ROC,26.0,Clear
140195,2019-05-20,MAF,17.0,Clear
140384,2019-05-21,ELP,59.0,Clear
140412,2019-05-21,DFW,5.0,Cloudy
140419,2019-05-21,DFW,4.0,Cloudy
140426,2019-05-21,SNA,2.0,Partly cloudy
140431,2019-05-21,DFW,6.0,Cloudy
140479,2019-05-21,DFW,18.0,Cloudy
140488,2019-05-21,DFW,9.0,Cloudy
140974,2019-05-23,EWR,165.0,Partly cloudy
141032,2019-05-23,SGF,116.0,Torrential rain shower
141133,2019-05-23,SGF,155.0,Torrential rain shower
141243,2019-05-24,ORD,53.0,Partly cloudy
141401,2019-05-24,ORD,25.0,Partly cloudy
141468,2019-05-25,IAD,191.0,Clear
141485,2019-05-25,BUF,10.0,Clear
141727,2019-05-26,ATL,23.0,Clear
141983,2019-05-27,ORD,3.0,Clear
142029,2019-05-27,DEN,12.0,Patchy rain possible
142064,2019-05-27,DEN,321.0,Patchy rain possible
142176,2019-05-27,GRR,212.0,Partly cloudy
142183,2019-05-27,ORD,88.0,Clear
142274,2019-05-28,JFK,503.0,Clear
142426,2019-05-29,MSP,21.0,Cloudy
142484,2019-05-30,IAD,4.0,Clear
142540,2019-05-30,ORD,11.0,Cloudy
142561,2019-05-30,ORD,53.0,Cloudy
142573,2019-05-30,ORD,47.0,Cloudy
142844,2019-05-31,RDU,98.0,Clear
142845,2019-05-31,RDU,18.0,Clear
143799,2019-04-03,MSP,179.0,Clear
144001,2019-04-04,BWI,5.0,Clear
144128,2019-04-04,MSY,22.0,Clear
144320,2019-04-05,MCO,24.0,Partly cloudy
144323,2019-04-05,MCO,19.0,Partly cloudy
144327,2019-04-05,MCO,27.0,Partly cloudy
144550,2019-04-06,DFW,31.0,Cloudy
144677,2019-04-06,ATW,148.0,Overcast
144721,2019-04-07,SAN,83.0,Clear
145261,2019-04-09,DEN,62.0,Partly cloudy
145270,2019-04-09,CLT,110.0,Light rain
145279,2019-04-09,CLT,1.0,Light rain
145282,2019-04-09,CLT,7.0,Light rain
145549,2019-04-10,DTW,615.0,Patchy rain possible
145605,2019-04-10,MEM,118.0,Cloudy
145675,2019-04-11,ORD,17.0,Overcast
145807,2019-04-11,MSP,49.0,Blizzard
145808,2019-04-11,MSP,131.0,Blizzard
145816,2019-04-11,DTW,359.0,Heavy snow
145836,2019-04-11,DEN,12.0,Overcast
145844,2019-04-11,DEN,50.0,Overcast
145857,2019-04-11,ORD,7.0,Overcast
145966,2019-04-11,MSP,63.0,Blizzard
146148,2019-04-13,CLT,28.0,Mist
146217,2019-04-14,ORD,303.0,Cloudy
146248,2019-04-14,ORD,34.0,Cloudy
146270,2019-04-14,RFD,4.0,Cloudy
146292,2019-04-14,LCK,107.0,Cloudy
146494,2019-04-14,ORD,27.0,Cloudy
146498,2019-04-14,DFW,15.0,Moderate rain
146513,2019-04-14,ORD,32.0,Cloudy
146525,2019-04-14,ORD,28.0,Cloudy
146542,2019-04-14,ORD,216.0,Cloudy
146619,2019-04-15,IAD,6.0,Moderate or heavy rain shower
146691,2019-04-15,JFK,94.0,Cloudy
146792,2019-04-15,BDL,12.0,Overcast
146833,2019-04-15,BOS,9.0,Light rain shower
147067,2019-04-16,GSO,135.0,Clear
147079,2019-04-16,SLC,77.0,Partly cloudy
147458,2019-04-18,DFW,4.0,Moderate or heavy rain shower
147460,2019-04-18,IAH,9.0,Light rain shower
147523,2019-04-19,FLL,9.0,Clear
147553,2019-04-19,GSO,11.0,Partly cloudy
147560,2019-04-19,ORD,13.0,Overcast
147673,2019-04-20,SFO,4.0,Overcast
147812,2019-04-21,DEN,79.0,Partly cloudy
147815,2019-04-21,DEN,82.0,Partly cloudy
148766,2019-04-24,DFW,13.0,Light rain shower
148767,2019-04-24,HRL,12.0,Overcast
149006,2019-04-25,IAH,50.0,Moderate or heavy rain shower
149010,2019-04-25,JAN,19.0,Cloudy
149025,2019-04-25,ORD,117.0,Clear
149252,2019-04-26,CLT,11.0,Cloudy
149270,2019-04-26,DCA,1.0,Moderate rain
149387,2019-04-26,HPN,60.0,Patchy light drizzle
149435,2019-04-26,DCA,17.0,Moderate rain
149438,2019-04-26,PHL,23.0,Overcast
149439,2019-04-26,CLT,3.0,Cloudy
149440,2019-04-26,CLT,72.0,Cloudy
149442,2019-04-26,DCA,4.0,Moderate rain
149448,2019-04-26,ALB,144.0,Cloudy
149453,2019-04-26,CLT,38.0,Cloudy
149518,2019-04-27,SEA,61.0,Cloudy
149885,2019-04-29,LAS,70.0,Clear
149992,2019-04-29,LAS,64.0,Clear
150022,2019-04-29,LAS,42.0,Clear
150095,2019-04-29,LAS,208.0,Clear
150250,2019-04-30,ORD,4.0,Partly cloudy
150284,2019-04-30,LGA,49.0,Light drizzle
150287,2019-04-30,ATL,39.0,Clear
150343,2019-03-01,PHL,176.0,Cloudy
150416,2019-03-01,LGA,54.0,Overcast
150504,2019-03-01,CLT,10.0,Light drizzle
150664,2019-03-02,JAC,37.0,Partly cloudy
150666,2019-03-02,HDN,65.0,Heavy snow
150745,2019-03-03,CLT,3.0,Overcast
150771,2019-03-03,RDM,68.0,Moderate snow
150776,2019-03-03,MSP,6.0,Partly cloudy
150783,2019-03-03,MSP,4.0,Partly cloudy
150892,2019-03-04,ORD,10.0,Overcast
150894,2019-03-04,ORD,59.0,Overcast
150897,2019-03-04,JFK,2.0,Moderate rain
150906,2019-03-04,ORD,7.0,Overcast
150991,2019-03-04,CLT,20.0,Moderate rain at times
151239,2019-03-04,ORD,30.0,Overcast
151336,2019-03-05,BOS,8.0,Clear
151463,2019-03-06,ORD,13.0,Light snow
152077,2019-03-08,SEA,50.0,Mist
152147,2019-03-09,DFW,15.0,Thundery outbreaks possible
152251,2019-03-09,CRW,177.0,Mist
152254,2019-03-09,DCA,34.0,Freezing drizzle
152260,2019-03-09,DFW,12.0,Thundery outbreaks possible
152261,2019-03-09,DFW,15.0,Thundery outbreaks possible
152289,2019-03-09,DFW,10.0,Thundery outbreaks possible
152389,2019-03-09,DTW,43.0,Clear
152818,2019-03-12,SNA,10.0,Light rain
153118,2019-03-13,PBG,161.0,Clear
153140,2019-03-13,SFB,186.0,Clear
153211,2019-03-14,DEN,21.0,Partly cloudy
153354,2019-03-14,ORD,19.0,Moderate rain
153363,2019-03-14,LGA,9.0,Partly cloudy
153369,2019-03-14,ORD,21.0,Moderate rain
153572,2019-03-15,EWR,86.0,Clear
154223,2019-03-17,CID,40.0,Heavy snow
154998,2019-03-20,SFB,45.0,Moderate rain
155002,2019-03-20,GRR,14.0,Clear
155022,2019-03-20,SFB,22.0,Moderate rain
155250,2019-03-22,DTW,37.0,Cloudy
157652,2019-07-03,CMH,35.0,Moderate or heavy rain shower
157671,2019-07-03,MCO,59.0,Moderate or heavy rain shower
157828,2019-07-04,SLC,20.0,Clear
157853,2019-07-04,DEN,104.0,Clear
157872,2019-07-04,DEN,277.0,Clear
158057,2019-07-04,DEN,91.0,Clear
158063,2019-07-04,DEN,75.0,Clear
158066,2019-07-04,DEN,102.0,Clear
158098,2019-07-05,CLT,18.0,Patchy rain possible
158099,2019-07-05,CLT,53.0,Patchy rain possible
158103,2019-07-05,CLT,24.0,Patchy rain possible
158151,2019-07-05,ORD,23.0,Patchy rain possible
158244,2019-07-06,DFW,80.0,Clear
158254,2019-07-06,DFW,7.0,Clear
158256,2019-07-06,DFW,17.0,Clear
158266,2019-07-06,HSV,142.0,Patchy rain possible
158364,2019-07-06,PIT,39.0,Partly cloudy
158367,2019-07-06,ELM,28.0,Patchy rain possible
158372,2019-07-06,SFB,13.0,Clear
158384,2019-07-06,SFB,22.0,Clear
158387,2019-07-06,LCK,92.0,Patchy rain possible
158450,2019-07-07,MCO,22.0,Partly cloudy
158569,2019-07-08,MIA,8.0,Moderate or heavy rain shower
158588,2019-07-08,MIA,6.0,Moderate or heavy rain shower
158671,2019-07-08,DAL,12.0,Clear
158894,2019-07-09,MCO,76.0,Patchy rain possible
159093,2019-07-10,DFW,35.0,Clear
159369,2019-07-11,PHL,33.0,Clear
159370,2019-07-11,PHL,22.0,Clear
159445,2019-07-11,LGA,16.0,Light rain shower
159450,2019-07-11,GSP,22.0,Patchy rain possible
159472,2019-07-11,AUS,76.0,Patchy rain possible
159510,2019-07-12,DEN,11.0,Clear
159580,2019-07-12,MCO,38.0,Clear
159600,2019-07-12,MCO,12.0,Clear
159761,2019-07-13,DEN,83.0,Clear
159849,2019-07-13,CLT,73.0,Patchy rain possible
159855,2019-07-13,CLT,115.0,Patchy rain possible
159868,2019-07-13,EWN,17.0,Mist
159957,2019-07-14,ATL,26.0,Partly cloudy
159958,2019-07-14,CRW,1.0,Clear
160446,2019-07-15,CVG,8.0,Clear
160855,2019-07-17,ORD,37.0,Partly cloudy
160870,2019-07-17,IAH,5.0,Partly cloudy
160893,2019-07-17,GSP,18.0,Clear
160900,2019-07-17,STL,83.0,Patchy rain possible
160937,2019-07-17,DCA,8.0,Torrential rain shower
160975,2019-07-17,DEN,3.0,Clear
160982,2019-07-17,ORD,12.0,Partly cloudy
160990,2019-07-17,CVG,40.0,Partly cloudy
161070,2019-07-18,TPA,24.0,Torrential rain shower
161082,2019-07-18,MCO,16.0,Clear
161104,2019-07-18,MKE,22.0,Partly cloudy
161126,2019-07-18,BNA,189.0,Patchy rain possible
161174,2019-07-19,DTW,19.0,Partly cloudy
161219,2019-07-19,MCO,31.0,Clear
161268,2019-07-19,CLT,139.0,Moderate or heavy rain shower
161321,2019-07-19,FLL,35.0,Clear
161324,2019-07-19,BLV,384.0,Clear
161340,2019-07-19,GNV,35.0,Patchy rain possible
161390,2019-07-19,LAS,1.0,Clear
161456,2019-07-19,MCO,18.0,Clear
161498,2019-07-20,IAH,41.0,Partly cloudy
161578,2019-07-20,ORD,5.0,Clear
161591,2019-07-20,ORD,7.0,Clear
161595,2019-07-20,ORD,1.0,Clear
161606,2019-07-20,MOB,1.0,Patchy rain possible
161759,2019-07-21,CMH,281.0,Clear
161769,2019-07-21,CMH,20.0,Clear
161819,2019-07-21,DEN,21.0,Moderate rain at times
161929,2019-07-21,ROA,10.0,Clear
161997,2019-07-21,LNK,91.0,Light rain shower
161998,2019-07-21,ORD,73.0,Moderate or heavy rain shower
162000,2019-07-21,ORD,11.0,Moderate or heavy rain shower
162011,2019-07-21,ORD,102.0,Moderate or heavy rain shower
162078,2019-07-22,SYR,213.0,Clear
162105,2019-07-22,DEN,30.0,Torrential rain shower
162118,2019-07-22,DEN,711.0,Torrential rain shower
162122,2019-07-22,DEN,74.0,Torrential rain shower
162348,2019-07-22,PHL,20.0,Clear
162372,2019-07-22,DCA,2.0,Patchy rain possible
162376,2019-07-22,JAX,20.0,Clear
162381,2019-07-22,DEN,14.0,Torrential rain shower
162389,2019-07-22,EWR,149.0,Patchy rain possible
162469,2019-07-23,MSY,77.0,Clear
162473,2019-07-23,MSY,76.0,Clear
162474,2019-07-23,MSY,15.0,Clear
162496,2019-07-23,BOS,12.0,Heavy rain
162515,2019-07-23,CLT,6.0,Moderate or heavy rain shower
162654,2019-07-24,DEN,20.0,Clear
162759,2019-07-24,RDU,175.0,Mist
162958,2019-07-25,ABQ,43.0,Clear
163163,2019-07-25,FLL,17.0,Moderate or heavy rain shower
163180,2019-07-25,MIA,68.0,Patchy rain possible
163215,2019-07-25,MIA,54.0,Patchy rain possible
163306,2019-07-26,FLL,13.0,Clear
163386,2019-07-26,SLC,70.0,Clear
163527,2019-07-27,MIA,16.0,Patchy rain possible
163552,2019-07-27,FLL,41.0,Clear
164164,2019-07-29,MCO,2.0,Patchy rain possible
164212,2019-07-29,ORD,83.0,Clear
164219,2019-07-29,RSW,66.0,Clear
164316,2019-07-29,ORD,70.0,Clear
164372,2019-07-30,DEN,28.0,Clear
164384,2019-07-30,DEN,3.0,Clear
164403,2019-07-30,EUG,5.0,Fog
164515,2019-07-30,DEN,17.0,Clear
164528,2019-07-30,EWR,16.0,Clear
164538,2019-07-30,IAH,21.0,Light rain shower
164539,2019-07-30,DEN,35.0,Clear
164549,2019-07-30,DEN,28.0,Clear
164553,2019-07-30,IAH,6.0,Light rain shower
164615,2019-07-30,BNA,74.0,Clear
164627,2019-07-30,MSN,69.0,Clear
164630,2019-07-30,CHS,76.0,Clear
164703,2019-07-31,TTN,16.0,Patchy rain possible
164816,2019-07-31,JFK,134.0,Clear
164828,2019-07-31,JFK,15.0,Clear
164910,2019-07-31,LAS,3.0,Clear
164919,2019-07-31,LGA,489.0,Clear
164984,2019-07-31,DEN,4.0,Clear
165067,2019-07-31,BOS,33.0,Clear
